####
#
# OBJ File Generated by Meshlab
#
####
# Object sphere_2600_unit.obj
#
# Vertices: 1302
# Faces: 2600
#
####
vn 0.521022 0.563272 0.641296
v 0.265749 0.284821 0.311080
vn 0.464407 0.722889 0.511622
v 0.236088 0.355799 0.257877
vn 0.457798 0.771196 0.442355
v 0.227879 0.382900 0.223881
vn 0.342282 0.614112 0.711132
v 0.176099 0.304213 0.353631
vn 0.695156 0.487472 0.528326
v 0.347820 0.239777 0.264831
vn 0.565704 0.730214 0.383101
v 0.285541 0.364016 0.185683
vn 0.418650 0.854240 0.308229
v 0.209960 0.424617 0.157322
vn 0.732021 0.550669 0.401134
v 0.367494 0.275714 0.193964
vn 0.264306 0.780285 0.566831
v 0.126665 0.388976 0.284965
vn 0.418072 0.378534 0.825790
v 0.211049 0.192905 0.407864
vn 0.508095 0.328489 0.796200
v 0.245798 0.156984 0.403893
vn 0.651537 0.334803 0.680740
v 0.321851 0.176242 0.336781
vn 0.599710 0.757424 0.258179
v 0.295536 0.378465 0.134709
vn 0.079333 0.647902 0.757581
v 0.042363 0.323993 0.376550
vn 0.644974 0.238409 0.726065
v 0.318725 0.126644 0.361415
vn 0.851743 0.414641 0.320323
v 0.419032 0.210023 0.169729
vn 0.786373 0.185182 0.589343
v 0.390398 0.099910 0.292565
vn 0.344801 0.925079 0.159187
v 0.173021 0.461538 0.080145
vn 0.155225 0.878384 0.452048
v 0.071911 0.440296 0.223486
vn 0.058717 0.584415 0.809328
v 0.035843 0.281238 0.410222
vn 0.463695 0.131613 0.876165
v 0.233854 0.063953 0.434607
vn 0.893312 0.204565 0.400184
v 0.442277 0.101257 0.206593
vn 0.126662 0.937466 0.324212
v 0.059992 0.469664 0.158823
vn 0.114499 0.914022 0.389170
v 0.061014 0.456826 0.191822
vn 0.797300 0.600745 0.058473
v 0.396810 0.300072 0.026088
vn 0.528725 0.074645 0.845504
v 0.262167 0.035807 0.421871
vn 0.910379 0.311707 0.272121
v 0.453648 0.154801 0.134334
vn 0.901711 0.087175 0.423460
v 0.450299 0.059664 0.204767
vn 0.663454 0.748198 -0.005330
v 0.330508 0.374084 0.000747
vn 0.476347 0.879082 -0.017539
v 0.237245 0.439020 -0.005076
vn 0.308933 0.948041 -0.076016
v 0.150241 0.474246 -0.044363
vn 0.074576 0.967136 0.243078
v 0.042231 0.482726 0.121427
vn 0.891956 0.451916 -0.013676
v 0.440458 0.233170 -0.008379
vn -0.131158 0.633678 0.762398
v -0.060208 0.316075 0.380252
vn -0.157291 0.699908 0.696698
v -0.080495 0.352427 0.343387
vn -0.163017 0.810382 0.562766
v -0.086918 0.404805 0.277949
vn 0.222616 0.134290 0.965613
v 0.123304 0.068544 0.477336
vn -0.079767 0.420029 0.903998
v -0.045822 0.217116 0.446109
vn 0.944172 0.278199 0.176480
v 0.469515 0.138793 0.089898
vn 0.950099 0.191132 0.246539
v 0.474578 0.093033 0.119378
vn 0.935385 0.353146 -0.018534
v 0.463691 0.181162 -0.014538
vn 0.753268 -0.062508 0.654737
v 0.377946 -0.024754 0.322859
vn 0.404308 0.907843 -0.111162
v 0.202571 0.453185 -0.054386
vn 0.188306 0.981639 0.030434
v 0.095155 0.489759 0.021299
vn -0.194575 0.907971 0.371120
v -0.097149 0.453958 0.183664
vn 0.558244 -0.142222 0.817396
v 0.270493 -0.073219 0.411536
vn 0.965258 0.259330 0.032027
v 0.478144 0.137864 0.015425
vn 0.682235 -0.209772 0.700394
v 0.333762 -0.101679 0.355475
vn 0.298364 0.937334 -0.179954
v 0.146846 0.466765 -0.099222
vn -0.355871 0.652748 0.668787
v -0.177023 0.332266 0.327069
vn -0.396907 0.819877 0.412634
v -0.199783 0.409694 0.203430
vn 0.127684 -0.013485 0.991723
v 0.061917 -0.001733 0.494637
vn 0.965104 0.254405 -0.062067
v 0.482753 0.120036 -0.024385
vn 0.751103 -0.240126 0.614966
v 0.380527 -0.117820 0.299064
vn 0.809785 0.448880 -0.377830
v 0.401221 0.230990 -0.184603
vn -0.461086 0.527925 0.713229
v -0.221608 0.266846 0.357913
vn 0.030699 -0.101846 0.994326
v 0.017568 -0.046197 0.495485
vn -0.327781 0.308168 0.893080
v -0.153080 0.162471 0.445564
vn -0.185075 0.192871 0.963612
v -0.076533 0.089225 0.483839
vn 0.210802 -0.290945 0.933227
v 0.119466 -0.143751 0.461299
vn 0.477923 -0.310675 0.821627
v 0.237069 -0.153540 0.410632
vn 0.264917 -0.362366 0.893594
v 0.133427 -0.181642 0.444449
vn 0.982031 -0.113711 0.150615
v 0.488184 -0.051197 0.082466
vn 0.954540 -0.191407 0.228507
v 0.475308 -0.102355 0.107995
vn 0.715276 -0.334975 0.613329
v 0.360220 -0.167067 0.299904
vn 0.657737 -0.315225 0.684116
v 0.324543 -0.154673 0.345194
vn 0.935137 -0.284729 0.210829
v 0.463255 -0.141187 0.115316
vn 0.495595 -0.394011 0.774042
v 0.241980 -0.197814 0.388226
vn -0.021644 0.992318 -0.121802
v -0.012663 0.496024 -0.055648
vn -0.409182 0.887910 0.210203
v -0.203863 0.444175 0.101323
vn -0.428080 0.848575 0.310916
v -0.211273 0.422763 0.161166
vn 0.881562 0.314771 -0.351808
v 0.436830 0.156479 -0.182814
vn -0.546765 0.624596 0.557609
v -0.278994 0.310812 0.272636
vn -0.029471 -0.182896 0.982690
v -0.018023 -0.093472 0.488421
vn -0.346699 0.173522 0.921786
v -0.162080 0.079307 0.464755
vn -0.314409 0.051845 0.947871
v -0.150348 0.024590 0.474261
vn 0.082595 -0.348623 0.933617
v 0.045764 -0.175206 0.464283
vn 0.996496 -0.078846 -0.027895
v 0.497031 -0.039357 -0.005881
vn 0.713573 -0.468629 0.520769
v 0.353320 -0.235770 0.261112
vn 0.577479 -0.429094 0.694548
v 0.292691 -0.219945 0.338442
vn 0.902151 -0.367461 0.226045
v 0.450467 -0.181753 0.109658
vn -0.496200 0.833297 0.243727
v -0.248153 0.415647 0.121179
vn 0.682443 0.466866 -0.562412
v 0.341945 0.239561 -0.272197
vn -0.084811 -0.259114 0.962116
v -0.041006 -0.127200 0.479770
vn -0.125864 -0.169242 0.977505
v -0.064344 -0.084030 0.486255
vn -0.343135 -0.035117 0.938630
v -0.161333 -0.019878 0.471204
vn 0.088760 -0.424232 0.901193
v 0.046924 -0.215778 0.446767
vn 0.984928 -0.159746 -0.066322
v 0.490551 -0.079968 -0.025482
vn 0.972109 -0.232554 -0.030362
v 0.484546 -0.115818 -0.004555
vn 0.944422 -0.328380 0.015251
v 0.471776 -0.159934 0.004371
vn 0.791558 -0.545718 0.275006
v 0.396909 -0.269231 0.133301
vn 0.347105 -0.546343 0.762252
v 0.176525 -0.276237 0.375457
vn 0.451102 0.688947 -0.567326
v 0.232740 0.339056 -0.282079
vn 0.245816 0.790045 -0.561608
v 0.118687 0.393316 -0.283411
vn -0.026146 0.848065 -0.529247
v -0.016141 0.427680 -0.257829
vn -0.584711 0.764215 0.272192
v -0.292743 0.379572 0.138804
vn 0.777683 0.284998 -0.560343
v 0.388642 0.141899 -0.278550
vn 0.669773 0.392518 -0.630344
v 0.330266 0.191732 -0.319234
vn -0.592451 0.261752 0.761898
v -0.299646 0.124615 0.377453
vn -0.534431 0.113364 0.837575
v -0.260429 0.057658 0.421112
vn -0.016021 -0.468232 0.883460
v -0.019964 -0.234024 0.439016
vn 0.911645 -0.400801 -0.090896
v 0.453888 -0.202366 -0.033327
vn 0.570991 -0.571527 0.589345
v 0.280590 -0.290103 0.292495
vn 0.633074 -0.622028 0.460758
v 0.315311 -0.311950 0.227607
vn 0.834124 -0.521432 0.179849
v 0.418251 -0.255768 0.091721
vn 0.519711 0.607840 -0.600359
v 0.256324 0.309133 -0.295807
vn -0.131381 0.933227 -0.334404
v -0.060391 0.466868 -0.166473
vn -0.676821 0.725905 0.122373
v -0.334801 0.364479 0.063098
vn 0.549090 0.464964 -0.694484
v 0.280555 0.239787 -0.335110
vn 0.773464 0.108908 -0.624414
v 0.393287 0.054155 -0.301426
vn 0.833319 0.040309 -0.551321
v 0.410910 0.016421 -0.280438
vn -0.620887 0.179447 0.763085
v -0.318991 0.091653 0.371518
vn -0.803850 0.493270 0.332430
v -0.399392 0.242311 0.174530
vn -0.375205 -0.259404 0.889905
v -0.187325 -0.133876 0.440992
vn 0.064678 -0.664646 0.744353
v 0.036617 -0.335572 0.366785
vn 0.257460 -0.701807 0.664214
v 0.120609 -0.350194 0.333436
vn 0.446008 0.574226 -0.686543
v 0.217518 0.285434 -0.346294
vn -0.092154 0.684523 -0.723143
v -0.044365 0.344353 -0.357783
vn -0.428372 0.845831 -0.317912
v -0.209874 0.422837 -0.161571
vn -0.525320 0.836277 -0.157098
v -0.256680 0.420020 -0.083323
vn -0.746547 0.638547 0.186884
v -0.369368 0.322970 0.089458
vn 0.696387 0.157003 -0.700282
v 0.339138 0.090276 -0.353285
vn 0.788154 -0.027558 -0.614861
v 0.395175 -0.017534 -0.302366
vn -0.818428 0.201553 0.538100
v -0.401256 0.106083 0.275444
vn -0.300517 -0.444027 0.844115
v -0.144364 -0.224306 0.421434
vn 0.332682 -0.772631 0.540707
v 0.161425 -0.384482 0.273768
vn 0.404138 -0.727428 0.554546
v 0.203002 -0.364271 0.273113
vn 0.757327 -0.653032 -0.002400
v 0.379720 -0.323216 -0.000905
vn -0.074437 0.626612 -0.775768
v -0.041029 0.311902 -0.386525
vn -0.660992 0.746261 -0.078634
v -0.331566 0.369438 -0.046171
vn -0.729962 0.681906 -0.046465
v -0.359492 0.344733 -0.023413
vn -0.817373 0.561961 0.126893
v -0.403912 0.282500 0.072962
vn -0.751458 0.225471 0.620059
v -0.382823 0.110489 0.299387
vn -0.885389 0.330437 0.326953
v -0.438496 0.169020 0.165252
vn 0.835777 -0.441899 -0.325886
v 0.410924 -0.221346 -0.174805
vn 0.558811 -0.806351 0.193720
v 0.275360 -0.405997 0.090611
vn 0.592057 -0.801693 -0.082196
v 0.293398 -0.402090 -0.034476
vn -0.091562 0.556572 -0.825738
v -0.048235 0.273914 -0.414217
vn 0.003467 0.579353 -0.815069
v 0.007458 0.288203 -0.406006
vn -0.392758 0.725106 -0.565653
v -0.197728 0.361326 -0.281216
vn -0.272657 0.649733 -0.709581
v -0.138660 0.324797 -0.352267
vn -0.196890 0.615527 -0.763126
v -0.111546 0.309450 -0.375178
vn -0.350501 0.648131 -0.676073
v -0.173802 0.324922 -0.336568
vn 0.603495 -0.032254 -0.796714
v 0.299774 -0.019894 -0.396469
vn -0.876347 0.481373 -0.017240
v -0.437640 0.238731 -0.002742
vn -0.294345 -0.657772 0.693323
v -0.141010 -0.329178 0.346913
vn 0.171115 -0.894477 0.413075
v 0.085273 -0.445354 0.208954
vn 0.263317 -0.885598 0.382596
v 0.128221 -0.443988 0.188947
vn 0.313124 0.392284 -0.864908
v 0.139725 0.192290 -0.438193
vn -0.471432 0.668080 -0.575691
v -0.233972 0.335472 -0.285007
vn -0.306554 0.556305 -0.772367
v -0.149665 0.281310 -0.383031
vn -0.435450 0.560885 -0.704125
v -0.213922 0.282950 -0.350078
vn 0.398480 0.169300 -0.901416
v 0.197312 0.083423 -0.448841
vn 0.646178 -0.313254 -0.695935
v 0.326713 -0.153650 -0.344137
vn -0.952550 0.139719 0.270419
v -0.476356 0.069477 0.127639
vn -0.931190 0.031054 0.363209
v -0.459899 0.014948 0.191198
vn -0.166082 -0.856459 0.488768
v -0.091135 -0.426255 0.242876
vn 0.084118 -0.926085 0.367819
v 0.045739 -0.462545 0.182612
vn -0.258602 -0.763939 0.591204
v -0.132478 -0.385348 0.288392
vn 0.341484 -0.896677 0.281707
v 0.169077 -0.449080 0.137488
vn 0.649172 -0.652784 -0.390447
v 0.325112 -0.326860 -0.189315
vn 0.541847 -0.819749 -0.185510
v 0.269169 -0.408717 -0.097252
vn 0.431174 -0.899042 -0.076242
v 0.217191 -0.446864 -0.048928
vn 0.328971 -0.938371 -0.106011
v 0.169292 -0.467345 -0.048951
vn 0.042611 0.401573 -0.914835
v 0.031818 0.199618 -0.455447
vn -0.768595 0.599355 -0.223686
v -0.384640 0.299886 -0.103922
vn -0.828767 0.497221 -0.256743
v -0.409231 0.254755 -0.124777
vn 0.522673 -0.091176 -0.847643
v 0.246443 -0.046545 -0.430546
vn 0.445138 -0.034709 -0.894789
v 0.228741 -0.013698 -0.442470
vn -0.879051 -0.152013 0.451842
v -0.441378 -0.073161 0.218563
vn -0.799898 -0.200020 0.565822
v -0.399858 -0.097625 0.281173
vn -0.220225 -0.882806 0.414915
v -0.108801 -0.445046 0.197870
vn -0.009848 -0.902492 0.430593
v -0.008352 -0.455227 0.205139
vn 0.661324 -0.593285 -0.458981
v 0.324125 -0.295336 -0.237215
vn 0.604347 -0.478221 -0.637235
v 0.298119 -0.238891 -0.319539
vn 0.604322 -0.553019 -0.573555
v 0.296731 -0.285244 -0.281666
vn 0.541885 -0.731407 -0.414009
v 0.267758 -0.365833 -0.207778
vn -0.101416 0.317313 -0.942882
v -0.052609 0.161740 -0.468415
vn 0.230566 0.057295 -0.971368
v 0.121309 0.027468 -0.481882
vn 0.364304 -0.118097 -0.923762
v 0.169100 -0.063297 -0.464273
vn -0.851704 -0.254098 0.458294
v -0.429415 -0.125333 0.218095
vn -0.965388 -0.059307 0.253984
v -0.483772 -0.020854 0.118253
vn -0.912807 0.323000 -0.249910
v -0.452556 0.163782 -0.128714
vn -0.748635 -0.444656 0.491758
v -0.365221 -0.226939 0.251944
vn -0.071902 -0.971936 0.223987
v -0.035450 -0.484750 0.115058
vn 0.034673 0.188624 -0.981437
v 0.031427 0.099156 -0.487238
vn 0.076655 0.074643 -0.994260
v 0.041325 0.028257 -0.495982
vn -0.303800 0.285853 -0.908842
v -0.146352 0.143858 -0.454633
vn -0.907409 0.281535 -0.312005
v -0.454472 0.142816 -0.143365
vn 0.264942 -0.185448 -0.946264
v 0.133070 -0.091801 -0.470609
vn -0.947961 0.216732 -0.233234
v -0.473822 0.106683 -0.111546
vn -0.161865 -0.973159 0.163590
v -0.082925 -0.486115 0.077998
vn 0.104452 -0.986779 -0.123920
v 0.048516 -0.492975 -0.065774
vn -0.097737 0.108798 -0.989248
v -0.050875 0.055987 -0.492659
vn -0.594902 0.279163 -0.753763
v -0.304368 0.136856 -0.369705
vn -0.613756 0.211363 -0.760677
v -0.314184 0.103808 -0.372460
vn 0.232067 -0.323177 -0.917443
v 0.125489 -0.164781 -0.453007
vn -0.996472 -0.057082 -0.061525
v -0.496877 -0.027305 -0.022414
vn -0.918919 -0.349126 0.183575
v -0.456667 -0.173521 0.098463
vn -0.969961 0.022696 -0.242199
v -0.484976 0.005218 -0.114083
vn -0.141809 -0.989666 -0.021252
v -0.073659 -0.493963 -0.007888
vn 0.343478 -0.633596 -0.693237
v 0.177133 -0.317999 -0.340183
vn 0.180806 -0.891576 -0.415212
v 0.087120 -0.446171 -0.206471
vn 0.074543 -0.948135 -0.309004
v 0.041513 -0.473681 -0.152411
vn -0.243833 0.040352 -0.968977
v -0.131032 0.025477 -0.479538
vn -0.376397 0.071294 -0.923711
v -0.182890 0.032553 -0.461679
vn 0.053204 -0.222724 -0.973429
v 0.030641 -0.112968 -0.484216
vn 0.136797 -0.290523 -0.947039
v 0.052656 -0.156668 -0.470173
vn 0.103038 -0.445053 -0.889557
v 0.049771 -0.219135 -0.445393
vn -0.957213 -0.288784 0.018608
v -0.477405 -0.142379 0.007934
vn -0.888194 0.106482 -0.446961
v -0.445417 0.050417 -0.217277
vn 0.107365 -0.869069 -0.482900
v 0.056503 -0.434922 -0.238385
vn 0.177578 -0.832131 -0.525380
v 0.087161 -0.416666 -0.260377
vn 0.152732 -0.788056 -0.596356
v 0.078745 -0.395186 -0.293713
vn -0.034561 -0.945861 -0.322728
v -0.014453 -0.473430 -0.158399
vn -0.044159 -0.094346 -0.994560
v -0.030644 -0.046623 -0.494828
vn -0.460101 -0.005952 -0.887847
v -0.235262 -0.011242 -0.438713
vn -0.770240 0.061812 -0.634752
v -0.394080 0.035525 -0.303102
vn 0.111581 -0.534187 -0.837970
v 0.045795 -0.261890 -0.421875
vn -0.849786 -0.508687 0.138209
v -0.419810 -0.258504 0.074327
vn -0.377412 -0.925552 -0.030222
v -0.186489 -0.462752 -0.016403
vn -0.649305 -0.749607 0.128421
v -0.324845 -0.373092 0.064933
vn -0.453609 -0.887814 -0.077623
v -0.227404 -0.443087 -0.031270
vn -0.732989 -0.670829 0.112760
v -0.365764 -0.333621 0.059340
vn -0.719173 -0.045956 -0.693310
v -0.346687 -0.020132 -0.357027
vn -0.919137 -0.268664 -0.288110
v -0.456800 -0.136068 -0.142614
vn -0.920556 -0.189251 -0.341703
v -0.455368 -0.087192 -0.181901
vn -0.862522 -0.506019 -0.000561
v -0.431452 -0.249261 -0.004434
vn -0.801678 -0.597260 -0.024365
v -0.404876 -0.291184 -0.005691
vn -0.267617 -0.913230 -0.307232
v -0.137120 -0.455678 -0.151116
vn -0.650623 -0.757926 -0.047302
v -0.318298 -0.383525 -0.022137
vn -0.512282 -0.843954 -0.159089
v -0.254875 -0.422500 -0.076456
vn -0.151590 -0.857124 -0.492300
v -0.079826 -0.425731 -0.247736
vn -0.256447 -0.273948 -0.926924
v -0.136533 -0.136942 -0.459190
vn -0.097910 -0.476000 -0.873978
v -0.041540 -0.237393 -0.436275
vn -0.157194 -0.518878 -0.840271
v -0.078633 -0.256692 -0.419637
vn -0.776551 -0.621531 -0.103280
v -0.387927 -0.309073 -0.044523
vn -0.834243 -0.243922 -0.494511
v -0.417017 -0.130386 -0.237497
vn -0.259360 -0.342843 -0.902880
v -0.131135 -0.169003 -0.449951
vn -0.392843 -0.369784 -0.841983
v -0.209886 -0.175289 -0.416358
vn -0.828885 -0.515511 -0.217248
v -0.407995 -0.266234 -0.105201
vn -0.760703 -0.286328 -0.582536
v -0.383263 -0.133939 -0.288491
vn -0.565288 -0.781523 -0.263955
v -0.284341 -0.388444 -0.130940
vn -0.464797 -0.778147 -0.422435
v -0.229161 -0.391571 -0.208147
vn -0.487745 -0.431356 -0.758971
v -0.240189 -0.221288 -0.376524
vn -0.734770 -0.354722 -0.578175
v -0.369769 -0.175554 -0.283734
vn -0.780614 -0.554339 -0.288704
v -0.389270 -0.277310 -0.140419
vn -0.578706 -0.475337 -0.662687
v -0.290971 -0.240617 -0.325335
vn -0.673193 -0.618690 -0.405012
v -0.333910 -0.310597 -0.201380
vn -0.506470 -0.632339 -0.586204
v -0.248186 -0.318503 -0.292360
vn -0.523200 -0.552021 -0.649257
v -0.268530 -0.273364 -0.318623
vn 0.546977 0.656446 0.519514
v 0.273739 0.329538 0.255003
vn 0.487462 0.632130 0.602323
v 0.239552 0.315264 0.302674
vn 0.590115 0.575916 0.565760
v 0.294758 0.287186 0.281479
vn 0.436471 0.682947 0.585727
v 0.217891 0.340284 0.292118
vn 0.455617 0.600958 0.656707
v 0.224547 0.307123 0.321334
vn 0.555005 0.477898 0.680869
v 0.279307 0.245085 0.331701
vn 0.609310 0.499932 0.615475
v 0.299794 0.245733 0.312512
vn 0.631012 0.593059 0.500104
v 0.309604 0.299139 0.250663
vn 0.326794 0.707135 0.627029
v 0.164459 0.357736 0.305788
vn 0.365277 0.748749 0.553126
v 0.179115 0.379118 0.270023
vn 0.403253 0.640309 0.653752
v 0.195140 0.318534 0.329959
vn 0.253074 0.661543 0.705914
v 0.124231 0.332562 0.350533
vn 0.491641 0.517534 0.700320
v 0.239243 0.261220 0.350020
vn 0.427054 0.564451 0.706413
v 0.207493 0.280118 0.356115
vn 0.633856 0.425056 0.646184
v 0.312749 0.209163 0.326853
vn 0.536071 0.721862 0.437656
v 0.269017 0.359013 0.217002
vn 0.618707 0.661635 0.423603
v 0.312228 0.328996 0.207566
vn 0.499008 0.784513 0.368143
v 0.247614 0.394540 0.177951
vn 0.349548 0.796935 0.492657
v 0.176080 0.398827 0.243180
vn 0.679695 0.577478 0.452255
v 0.340560 0.287151 0.223103
vn 0.679632 0.636740 0.364230
v 0.333777 0.318575 0.188380
vn 0.207459 0.739709 0.640150
v 0.107052 0.368394 0.318948
vn 0.335489 0.512034 0.790739
v 0.172567 0.256111 0.390626
vn 0.283803 0.588233 0.757257
v 0.136011 0.300618 0.373488
vn 0.429976 0.480434 0.764398
v 0.219115 0.244026 0.375220
vn 0.504197 0.429954 0.748949
v 0.245204 0.217181 0.375151
vn 0.572031 0.380090 0.726850
v 0.290611 0.187522 0.358239
vn 0.786401 0.490961 0.374875
v 0.395290 0.242290 0.183476
vn 0.708675 0.361139 0.606101
v 0.356604 0.181012 0.296307
vn 0.599616 0.729409 0.329277
v 0.298868 0.366426 0.159232
vn 0.517700 0.805062 0.289589
v 0.255620 0.403917 0.142457
vn 0.387412 0.831480 0.398188
v 0.189153 0.418716 0.194699
vn 0.312722 0.885900 0.342616
v 0.157108 0.442771 0.168652
vn 0.743735 0.595095 0.304501
v 0.370004 0.294627 0.156502
vn 0.150751 0.680701 0.716882
v 0.070891 0.342020 0.356088
vn 0.156025 0.797318 0.583044
v 0.076868 0.401860 0.285264
vn 0.232006 0.482663 0.844517
v 0.125453 0.236330 0.420574
vn 0.365371 0.425490 0.827927
v 0.185219 0.213993 0.409391
vn 0.198537 0.579399 0.790494
v 0.103053 0.286996 0.394546
vn 0.582605 0.286477 0.760593
v 0.301236 0.143201 0.369504
vn 0.426602 0.293706 0.855422
v 0.224024 0.153195 0.417418
vn 0.784701 0.382064 0.488131
v 0.384649 0.194388 0.250807
vn 0.756380 0.275441 0.593314
v 0.382018 0.135746 0.289891
vn 0.699416 0.271631 0.661085
v 0.337994 0.131450 0.340560
vn 0.672661 0.686107 0.277100
v 0.336094 0.342163 0.135758
vn 0.467533 0.855846 0.221226
v 0.226145 0.428690 0.118323
vn 0.404234 0.888444 0.217397
v 0.201151 0.444303 0.105115
vn 0.557387 0.805916 0.199546
v 0.274273 0.405235 0.098430
vn 0.522481 0.841460 0.137690
v 0.260509 0.419913 0.068348
vn 0.334504 0.905483 0.261165
v 0.164573 0.452734 0.130436
vn 0.269779 0.859324 0.434490
v 0.133446 0.428865 0.217542
vn 0.216412 0.832729 0.509636
v 0.110047 0.416898 0.250722
vn 0.736414 0.644104 0.206942
v 0.359020 0.332010 0.098986
vn 0.805150 0.534797 0.256369
v 0.399076 0.275073 0.115655
vn 0.088008 0.739339 0.667558
v 0.037775 0.372514 0.329325
vn 0.017763 0.692231 0.721457
v 0.008807 0.340834 0.363526
vn 0.068107 0.796240 0.601135
v 0.032278 0.395524 0.301800
vn 0.089106 0.847349 0.523508
v 0.044399 0.424084 0.259239
vn 0.115658 0.428588 0.896067
v 0.050634 0.223043 0.443039
vn 0.260011 0.405666 0.876259
v 0.137382 0.194396 0.438176
vn 0.322275 0.322979 0.889844
v 0.153090 0.155958 0.448234
vn 0.385184 0.278142 0.879926
v 0.182998 0.141633 0.440372
vn 0.677824 0.166722 0.716071
v 0.336431 0.081005 0.357877
vn 0.570562 0.202925 0.795789
v 0.280914 0.096097 0.398850
vn 0.496230 0.224829 0.838575
v 0.242023 0.115795 0.420006
vn 0.407970 0.199611 0.890907
v 0.209017 0.094548 0.441316
vn 0.533201 0.142856 0.833839
v 0.256924 0.065362 0.421254
vn 0.863735 0.321227 0.388298
v 0.429611 0.164976 0.190315
vn 0.822706 0.542629 0.169438
v 0.415300 0.262967 0.085432
vn 0.872578 0.453746 0.180889
v 0.435189 0.225670 0.092046
vn 0.827590 0.259389 0.497807
v 0.409360 0.134404 0.249245
vn 0.726765 0.180385 0.662778
v 0.363068 0.087328 0.328688
vn 0.772238 0.079529 0.630337
v 0.391111 0.030715 0.306662
vn 0.833925 0.145404 0.532378
v 0.408531 0.068055 0.276444
vn 0.643509 0.740709 0.192991
v 0.319519 0.370707 0.094672
vn 0.610678 0.785500 0.100310
v 0.308182 0.388421 0.052921
vn 0.451389 0.882567 0.131619
v 0.222206 0.442573 0.060584
vn 0.416381 0.906768 0.066316
v 0.200482 0.456002 0.033638
vn 0.314622 0.947914 0.049726
v 0.151726 0.474952 0.028863
vn 0.273002 0.938373 0.211958
v 0.129076 0.468777 0.113430
vn 0.523696 0.849807 0.059746
v 0.267580 0.420423 0.024738
vn 0.211955 0.902516 0.374886
v 0.109893 0.449070 0.187818
vn 0.040403 0.897551 0.439055
v 0.019366 0.447390 0.220362
vn 0.794906 0.594479 0.121321
v 0.398484 0.292003 0.067043
vn -0.000192 0.758644 0.651506
v -0.004968 0.382946 0.319729
vn -0.063836 0.698930 0.712335
v -0.030971 0.351261 0.352552
vn -0.066388 0.566110 0.821652
v -0.037573 0.284780 0.407454
vn -0.027454 0.634035 0.772816
v -0.021343 0.319162 0.382270
vn -0.011187 0.816687 0.576972
v -0.002287 0.412095 0.281152
vn -0.032473 0.866741 0.497700
v -0.017568 0.431440 0.250624
vn 0.070919 0.511461 0.856375
v 0.038408 0.259634 0.424451
vn 0.200157 0.303894 0.931443
v 0.095016 0.159043 0.461890
vn 0.304404 0.198885 0.931549
v 0.147360 0.101002 0.465518
vn 0.006788 0.425906 0.904742
v 0.013762 0.215117 0.448556
vn 0.419467 0.085607 0.903725
v 0.208310 0.045862 0.449446
vn 0.610948 0.139128 0.779349
v 0.310310 0.070699 0.382667
vn 0.912151 0.253907 0.321734
v 0.453954 0.129519 0.156945
vn 0.913625 0.366834 0.175279
v 0.454998 0.185399 0.084276
vn 0.697373 0.089131 0.711145
v 0.342071 0.040843 0.359754
vn 0.845280 0.049481 0.532027
v 0.418400 0.027347 0.268238
vn 0.707867 0.004695 0.706331
v 0.343477 0.003824 0.360010
vn 0.713936 0.693248 0.098504
v 0.349582 0.352322 0.052241
vn 0.571967 0.820066 -0.018607
v 0.286448 0.408613 -0.013615
vn 0.382224 0.923913 -0.017024
v 0.192013 0.460790 -0.008168
vn 0.224635 0.965533 0.131476
v 0.110729 0.482200 0.067736
vn 0.216195 0.939564 0.265478
v 0.110435 0.468531 0.134172
vn 0.131719 0.976743 0.169186
v 0.071874 0.486744 0.084068
vn 0.026481 0.938296 0.344818
v 0.005487 0.468005 0.173514
vn -0.051765 0.924195 0.378396
v -0.031627 0.462109 0.186472
vn 0.757576 0.652523 -0.017110
v 0.379340 0.323290 -0.010235
vn 0.834494 0.550379 -0.026493
v 0.415414 0.275598 -0.005316
vn 0.859817 0.505522 0.071844
v 0.428610 0.251799 0.026942
vn 0.908681 0.413031 0.060865
v 0.453054 0.205258 0.018000
vn -0.086437 0.762060 0.641712
v -0.034673 0.378296 0.323258
vn -0.101764 0.806444 0.582488
v -0.053322 0.398549 0.294926
vn -0.128188 0.850490 0.510132
v -0.059799 0.427000 0.251120
vn -0.212499 0.820563 0.530586
v -0.104190 0.411249 0.262624
vn -0.111950 0.902501 0.415884
v -0.048945 0.452139 0.206250
vn 0.133522 0.368545 0.919971
v 0.060839 0.188808 0.456732
vn -0.073453 0.490347 0.868426
v -0.040860 0.236816 0.436641
vn 0.329205 0.047548 0.943060
v 0.162615 0.023945 0.470414
vn 0.623562 0.041221 0.780686
v 0.320458 0.021630 0.380636
vn 0.624334 -0.026308 0.780714
v 0.314763 -0.012473 0.385525
vn 0.525144 -0.006541 0.850988
v 0.250329 -0.005008 0.430709
vn 0.429258 -0.041717 0.902218
v 0.228257 -0.020271 0.442005
vn 0.367224 -0.075955 0.927026
v 0.176992 -0.038743 0.463314
vn 0.943938 0.320798 0.077905
v 0.470811 0.158705 0.030010
vn 0.783143 0.004476 0.621826
v 0.391990 -0.000511 0.307139
vn 0.881778 0.006915 0.471615
v 0.441430 -0.000815 0.228785
vn 0.834832 -0.054233 0.547827
v 0.412850 -0.021520 0.277540
vn 0.672497 -0.082439 0.735494
v 0.337416 -0.041332 0.363725
vn 0.604140 0.789733 -0.106473
v 0.294912 0.399275 -0.050251
vn 0.252421 0.967570 0.009551
v 0.127152 0.482977 0.000968
vn 0.105598 0.992275 0.065118
v 0.050313 0.495998 0.035404
vn -0.042382 0.960977 0.273361
v -0.022931 0.481427 0.130639
vn -0.199831 0.871333 0.448158
v -0.097153 0.435901 0.222549
vn 0.679844 0.725452 -0.107383
v 0.335360 0.365342 -0.051625
vn 0.755707 0.647586 -0.097670
v 0.375367 0.324846 -0.046013
vn 0.807726 0.583305 -0.085638
v 0.400866 0.292551 -0.040948
vn 0.917901 0.379909 -0.114575
v 0.449448 0.207150 -0.059082
vn -0.194746 0.764019 0.615101
v -0.093809 0.384245 0.303664
vn -0.186821 0.551521 0.812971
v -0.098107 0.276288 0.402778
vn -0.220042 0.625863 0.748249
v -0.117011 0.312042 0.370782
vn -0.256184 0.681858 0.685156
v -0.121459 0.339871 0.344014
vn -0.284634 0.728799 0.622765
v -0.140720 0.366818 0.306959
vn -0.293205 0.777233 0.556722
v -0.148089 0.388203 0.276100
vn -0.293459 0.831053 0.472475
v -0.140013 0.416228 0.236978
vn 0.032795 0.345707 0.937769
v 0.019522 0.168090 0.468019
vn 0.085693 0.262361 0.961157
v 0.050685 0.132925 0.477789
vn 0.180786 0.212415 0.960310
v 0.075035 0.109374 0.479566
vn 0.205015 0.066451 0.976501
v 0.097067 0.036596 0.486374
vn -0.050740 0.353013 0.934242
v -0.029765 0.176030 0.464793
vn -0.134636 0.373337 0.917874
v -0.064166 0.186797 0.457093
vn -0.171707 0.448150 0.877313
v -0.072081 0.229137 0.436315
vn -0.132558 0.281882 0.950248
v -0.061437 0.145305 0.472150
vn 0.263279 -0.044527 0.963692
v 0.136981 -0.021718 0.478454
vn 0.587881 -0.086858 0.804271
v 0.293096 -0.043329 0.399560
vn 0.495099 -0.103434 0.862658
v 0.247294 -0.051953 0.428835
vn 0.966517 0.225035 0.123305
v 0.480191 0.111544 0.068011
vn 0.980379 0.148562 0.129559
v 0.486533 0.077233 0.066996
vn 0.935878 0.121666 0.330649
v 0.462381 0.058837 0.173279
vn 0.943682 0.023028 0.330053
v 0.467746 0.006546 0.167429
vn 0.955481 0.090884 0.280706
v 0.478741 0.054096 0.124865
vn 0.924278 -0.025427 0.380873
v 0.455532 -0.022499 0.200593
vn 0.705306 -0.136601 0.695617
v 0.346474 -0.070069 0.350541
vn 0.617447 -0.169267 0.768185
v 0.314658 -0.089306 0.375111
vn 0.931607 -0.146050 0.332832
v 0.460849 -0.067875 0.175720
vn 0.887685 -0.085330 0.452476
v 0.447964 -0.038060 0.214485
vn 0.775390 -0.147921 0.613914
v 0.394643 -0.076514 0.294475
vn 0.838690 -0.171446 0.516919
v 0.410989 -0.086238 0.267430
vn 0.515187 0.845310 -0.141540
v 0.251027 0.426330 -0.068240
vn 0.415461 0.886462 -0.203905
v 0.213348 0.440261 -0.099136
vn 0.199616 0.976169 -0.085136
v 0.094719 0.488482 -0.045646
vn 0.058561 0.992011 0.111734
v 0.032550 0.495840 0.049102
vn -0.014461 0.999352 0.032948
v -0.007459 0.499402 0.012952
vn 0.030139 0.989274 0.142927
v 0.010832 0.493892 0.073361
vn -0.020437 0.980775 0.194071
v -0.005972 0.490643 0.092451
vn -0.075223 0.991253 0.108439
v -0.038097 0.495169 0.054267
vn -0.107876 0.971758 0.209880
v -0.051594 0.484979 0.106265
vn -0.140912 0.942388 0.303395
v -0.073352 0.470814 0.148631
vn 0.729596 0.660960 -0.175561
v 0.361984 0.331935 -0.086218
vn 0.735344 0.623707 -0.265062
v 0.363755 0.311883 -0.135960
vn 0.676677 0.697374 -0.236174
v 0.334019 0.354058 -0.109415
vn 0.877649 0.466046 -0.111949
v 0.439478 0.229211 -0.058680
vn 0.843013 0.517021 -0.148389
v 0.421717 0.253007 -0.082815
vn 0.881745 0.420041 -0.214690
v 0.440207 0.206697 -0.108716
vn -0.262047 0.493872 0.829109
v -0.132559 0.241380 0.415626
vn -0.303560 0.581687 0.754647
v -0.156933 0.289529 0.373807
vn -0.360032 0.488888 0.794585
v -0.175818 0.238561 0.400231
vn -0.293842 0.877888 0.378113
v -0.147176 0.438785 0.186988
vn 0.005568 0.160393 0.987038
v 0.009844 0.078083 0.490963
vn 0.110271 0.137292 0.984374
v 0.044855 0.071783 0.490991
vn 0.214714 -0.124230 0.968744
v 0.109837 -0.060581 0.481180
vn -0.201948 0.332191 0.921339
v -0.096310 0.167611 0.458879
vn -0.302049 0.405842 0.862588
v -0.146254 0.202084 0.431704
vn -0.036765 0.255998 0.965978
v -0.034493 0.123946 0.481218
vn 0.505462 -0.205411 0.838042
v 0.248124 -0.104726 0.419555
vn 0.405460 -0.162731 0.899512
v 0.197514 -0.083454 0.448698
vn 0.300805 -0.156477 0.940761
v 0.156829 -0.083719 0.465181
vn 0.308158 -0.257776 0.915746
v 0.146661 -0.133550 0.457594
vn 0.982137 0.178795 0.058644
v 0.490811 0.080260 0.019917
vn 0.981727 0.083899 0.170799
v 0.488008 0.038219 0.093733
vn 0.963940 0.015775 0.265652
v 0.482489 0.004959 0.122065
vn 0.961592 -0.073968 0.264329
v 0.481685 -0.041477 0.119300
vn 0.986307 -0.013950 0.164328
v 0.489651 0.003854 0.091222
vn 0.944146 0.319191 -0.081882
v 0.470527 0.158733 -0.033708
vn 0.914205 0.332163 -0.232156
v 0.458611 0.161345 -0.110369
vn 0.949048 0.279642 -0.145285
v 0.469354 0.143504 -0.084365
vn 0.894785 -0.169322 0.413146
v 0.448902 -0.081760 0.200133
vn 0.897931 -0.256243 0.357853
v 0.444201 -0.129775 0.184006
vn 0.860682 -0.242596 0.447632
v 0.434772 -0.120157 0.211391
vn 0.586872 -0.262306 0.766014
v 0.293851 -0.132205 0.379090
vn 0.605739 0.768207 -0.207218
v 0.302711 0.380418 -0.112491
vn 0.548104 0.795196 -0.259319
v 0.267478 0.400513 -0.131028
vn 0.480501 0.839779 -0.252763
v 0.243731 0.417697 -0.122314
vn 0.516439 0.784833 -0.342532
v 0.256001 0.393513 -0.169304
vn 0.320369 0.909165 -0.266051
v 0.165327 0.453431 -0.127426
vn 0.407604 0.859555 -0.308259
v 0.201287 0.431588 -0.149126
vn 0.181921 0.967424 -0.176055
v 0.087418 0.485679 -0.077976
vn 0.227248 0.939041 -0.257992
v 0.106071 0.470938 -0.127552
vn 0.120775 0.992110 -0.033624
v 0.059751 0.495507 -0.018771
vn 0.028129 0.998719 -0.042067
v 0.016015 0.498746 -0.020799
vn -0.165491 0.975688 0.143689
v -0.083948 0.486957 0.072437
vn -0.168139 0.983822 0.061832
v -0.073544 0.493022 0.030369
vn -0.206187 0.955470 0.211100
v -0.103114 0.477120 0.105328
vn -0.248529 0.923122 0.293394
v -0.119723 0.461360 0.148770
vn 0.688924 0.631795 -0.355273
v 0.343200 0.313166 -0.181360
vn 0.788039 0.586312 -0.187707
v 0.394042 0.292619 -0.086654
vn 0.766982 0.546379 -0.336466
v 0.383301 0.270131 -0.169948
vn 0.829654 0.497547 -0.253223
v 0.416321 0.251150 -0.110219
vn 0.617771 0.720313 -0.315449
v 0.310562 0.356390 -0.157958
vn 0.861707 0.409534 -0.299571
v 0.426572 0.207130 -0.151260
vn -0.383786 0.713297 0.586444
v -0.191688 0.355583 0.292801
vn -0.378241 0.571376 0.728329
v -0.187245 0.285835 0.362932
vn -0.443566 0.594009 0.671121
v -0.219836 0.291911 0.338343
vn -0.459267 0.639724 0.616301
v -0.223874 0.319698 0.309539
vn -0.392649 0.770354 0.502376
v -0.193857 0.385589 0.250106
vn -0.485404 0.747461 0.453525
v -0.244008 0.375258 0.219913
vn -0.467613 0.698497 0.541702
v -0.232259 0.348675 0.269826
vn -0.089595 0.167327 0.981822
v -0.050048 0.080822 0.489433
vn -0.025504 0.070748 0.997168
v -0.025930 0.037806 0.495168
vn 0.026907 0.059117 0.997888
v 0.023318 0.027333 0.496388
vn 0.140999 -0.150167 0.978555
v 0.066293 -0.077148 0.487399
vn -0.256599 0.235268 0.937447
v -0.138520 0.126586 0.461784
vn 0.211518 -0.205485 0.955529
v 0.096578 -0.106198 0.475891
vn 0.407975 -0.256388 0.876254
v 0.215912 -0.128392 0.429611
vn 0.366616 -0.331368 0.869360
v 0.172330 -0.164389 0.436795
vn 0.983228 0.177288 -0.042800
v 0.488805 0.093299 -0.019949
vn 0.990514 0.085542 -0.107541
v 0.491790 0.046833 -0.056710
vn 0.994326 0.102526 0.028372
v 0.496481 0.044246 0.008156
vn 0.999660 0.014510 0.021649
v 0.498349 0.009412 0.009268
vn 0.993412 -0.063362 0.095483
v 0.493219 -0.038000 0.049345
vn 0.972571 0.181310 -0.145711
v 0.483066 0.082870 -0.086075
vn 0.920412 -0.262958 0.289302
v 0.460448 -0.129015 0.138303
vn 0.793405 -0.301813 0.528600
v 0.390429 -0.147474 0.272862
vn 0.572952 -0.344464 0.743687
v 0.293981 -0.176255 0.361178
vn 0.847250 -0.322321 0.422229
v 0.422992 -0.154846 0.211337
vn 0.432557 0.819970 -0.374890
v 0.205564 0.412040 -0.191483
vn 0.234402 0.911076 -0.339112
v 0.121040 0.451006 -0.176537
vn 0.312311 0.884316 -0.347055
v 0.147972 0.444582 -0.171623
vn 0.082707 0.987290 -0.135710
v 0.041758 0.493171 -0.068326
vn 0.153296 0.897090 -0.414403
v 0.081024 0.449367 -0.201709
vn 0.127088 0.951049 -0.281699
v 0.060741 0.476032 -0.139429
vn -0.082426 0.993367 -0.080180
v -0.043164 0.495737 -0.044293
vn -0.143185 0.989636 -0.010896
v -0.070481 0.494698 -0.008118
vn -0.304087 0.932855 0.193164
v -0.147392 0.466500 0.099229
vn -0.320104 0.942808 0.092985
v -0.163951 0.469309 0.045593
vn -0.245421 0.963153 0.110022
v -0.123765 0.481182 0.047948
vn -0.268016 0.963263 0.017060
v -0.138019 0.479767 0.010995
vn -0.344895 0.895930 0.279922
v -0.175815 0.446512 0.137125
vn -0.361360 0.866354 0.344745
v -0.184410 0.432349 0.167476
vn 0.613595 0.673869 -0.411584
v 0.305743 0.337391 -0.203805
vn 0.715689 0.558415 -0.419478
v 0.353756 0.282197 -0.208118
vn 0.943050 0.224356 -0.245604
v 0.471327 0.112988 -0.114688
vn -0.394162 0.359147 0.845961
v -0.198643 0.174652 0.421325
vn -0.430660 0.439626 0.788201
v -0.221960 0.222460 0.386878
vn -0.533225 0.684864 0.496621
v -0.262207 0.345108 0.246443
vn -0.582589 0.688186 0.432424
v -0.289631 0.341090 0.220068
vn -0.142366 0.068716 0.987426
v -0.062477 0.030403 0.493537
vn -0.048803 0.003684 0.998802
v -0.038309 0.006541 0.496257
vn 0.001052 -0.017640 0.999844
v 0.006370 -0.023550 0.496682
vn 0.055545 -0.198856 0.978453
v 0.035129 -0.097744 0.486826
vn 0.136546 -0.266004 0.954252
v 0.064609 -0.135968 0.475036
vn -0.461269 0.294372 0.837004
v -0.231946 0.148523 0.415280
vn -0.392409 0.266447 0.880353
v -0.202616 0.135899 0.433583
vn -0.234020 0.111339 0.965835
v -0.131809 0.052019 0.477198
vn 0.181574 -0.371630 0.910452
v 0.085335 -0.174355 0.457633
vn 0.404170 -0.377968 0.832939
v 0.206789 -0.186148 0.412664
vn 0.987526 -0.147932 0.053936
v 0.494033 -0.062169 0.011528
vn 0.966631 -0.215795 0.138051
v 0.480638 -0.104248 0.075613
vn 0.963148 0.127163 -0.237012
v 0.482880 0.052105 -0.112154
vn 0.725787 -0.386390 0.569154
v 0.366302 -0.195995 0.274346
vn 0.768887 -0.385093 0.510408
v 0.382975 -0.186851 0.257808
vn 0.658991 -0.424496 0.620914
v 0.323113 -0.208363 0.316415
vn 0.879479 -0.348610 0.324017
v 0.436215 -0.178715 0.161074
vn 0.798487 -0.397332 0.452268
v 0.399669 -0.198340 0.221180
vn 0.827893 -0.407659 0.385236
v 0.415080 -0.207370 0.182031
vn 0.468295 0.768318 -0.436334
v 0.235528 0.384035 -0.214200
vn 0.545746 0.720226 -0.428294
v 0.271911 0.362425 -0.208320
vn 0.522819 0.684232 -0.508417
v 0.257941 0.340000 -0.257349
vn 0.417178 0.757761 -0.501758
v 0.210616 0.377154 -0.249462
vn 0.251582 0.865494 -0.433158
v 0.125350 0.430946 -0.218667
vn 0.366313 0.833335 -0.413966
v 0.181335 0.418383 -0.203377
vn 0.294471 0.815454 -0.498319
v 0.142225 0.413081 -0.241225
vn 0.075990 0.916915 -0.391782
v 0.035900 0.456864 -0.197563
vn 0.037866 0.949057 -0.312820
v 0.031173 0.474964 -0.151552
vn 0.003718 0.977951 -0.208803
v -0.004232 0.488937 -0.103121
vn 0.058776 0.873494 -0.483274
v 0.020006 0.435003 -0.244284
vn -0.108222 0.977660 -0.180190
v -0.059004 0.487509 -0.091225
vn -0.210724 0.969291 -0.126771
v -0.107656 0.484497 -0.058069
vn -0.242916 0.968638 -0.052269
v -0.116768 0.484373 -0.034265
vn -0.381151 0.916163 0.123973
v -0.188364 0.458553 0.060060
vn -0.464052 0.876559 0.127670
v -0.231557 0.437877 0.061082
vn -0.519627 0.774013 0.361789
v -0.255310 0.389918 0.178566
vn 0.663892 0.589704 -0.459887
v 0.330069 0.289873 -0.235469
vn 0.577852 0.660364 -0.479590
v 0.289761 0.329413 -0.236084
vn 0.717666 0.511552 -0.472515
v 0.351268 0.255998 -0.243990
vn 0.823167 0.349758 -0.447286
v 0.411667 0.176387 -0.217492
vn 0.864662 0.228112 -0.447577
v 0.432027 0.120561 -0.216491
vn 0.920664 0.195994 -0.337585
v 0.455625 0.093729 -0.176988
vn 0.762328 0.412398 -0.498782
v 0.379206 0.206349 -0.248730
vn -0.491202 0.386252 0.780724
v -0.238567 0.193500 0.392421
vn -0.529550 0.458627 0.713609
v -0.269175 0.236296 0.345842
vn -0.530222 0.572005 0.625840
v -0.273340 0.285225 0.304172
vn -0.579559 0.496757 0.646022
v -0.289799 0.251488 0.318539
vn -0.622164 0.538833 0.567954
v -0.303810 0.266894 0.290724
vn -0.621760 0.694236 0.362562
v -0.304960 0.346550 0.187383
vn -0.136637 -0.020496 0.990409
v -0.064952 -0.007884 0.493958
vn -0.066700 -0.089135 0.993784
v -0.046047 -0.043681 0.493690
vn -0.178183 -0.088587 0.980002
v -0.076650 -0.044484 0.490158
vn 0.016525 -0.275372 0.961196
v 0.010577 -0.139365 0.477266
vn -0.448112 0.185771 0.874463
v -0.234852 0.089287 0.430516
vn -0.409064 0.079016 0.909078
v -0.193553 0.044907 0.456000
vn -0.396007 0.018008 0.918071
v -0.185207 0.005857 0.461361
vn -0.229976 -0.003261 0.973191
v -0.127380 -0.001619 0.480913
vn -0.284421 -0.086647 0.954776
v -0.154165 -0.037902 0.472159
vn 0.170882 -0.461505 0.870524
v 0.074656 -0.229078 0.435094
vn 0.346455 -0.408314 0.844541
v 0.161607 -0.210170 0.421378
vn 0.267350 -0.455353 0.849222
v 0.133263 -0.229224 0.422431
vn 0.240465 -0.514952 0.822800
v 0.125066 -0.249537 0.412700
vn 0.990781 -0.021204 -0.133801
v 0.490985 -0.013142 -0.083398
vn 0.920503 0.124356 -0.370419
v 0.455757 0.062202 -0.191333
vn 0.967721 0.041594 -0.248566
v 0.486398 0.023326 -0.107393
vn 0.966649 -0.058873 -0.249246
v 0.483861 -0.025036 -0.114677
vn 0.966923 -0.243983 0.074382
v 0.481776 -0.123075 0.026826
vn 0.939542 -0.314147 0.136279
v 0.463756 -0.164417 0.074018
vn 0.553781 -0.508539 0.659329
v 0.277926 -0.251618 0.328389
vn 0.644000 -0.548578 0.533222
v 0.329187 -0.265783 0.262721
vn 0.627634 -0.498649 0.597851
v 0.305652 -0.250493 0.302406
vn 0.840526 -0.456285 0.292096
v 0.413735 -0.227601 0.160172
vn 0.915823 -0.386435 0.109258
v 0.453189 -0.198441 0.055312
vn 0.760652 -0.519579 0.389161
v 0.375722 -0.263432 0.194414
vn 0.429578 -0.474369 0.768399
v 0.213063 -0.238503 0.382797
vn 0.613519 0.587794 -0.527346
v 0.305644 0.293884 -0.262039
vn 0.340077 0.741389 -0.578524
v 0.170151 0.372047 -0.285226
vn 0.163772 0.837306 -0.521630
v 0.073737 0.418288 -0.262146
vn -0.045085 0.914468 -0.402139
v -0.023836 0.458575 -0.196677
vn -0.066972 0.956997 -0.282262
v -0.031362 0.478433 -0.140141
vn 0.078466 0.796444 -0.599599
v 0.041535 0.397525 -0.299060
vn -0.183974 0.952357 -0.243248
v -0.096193 0.475398 -0.119544
vn -0.335931 0.937296 -0.092878
v -0.166367 0.468819 -0.044031
vn -0.393252 0.919152 0.022657
v -0.190555 0.461620 0.004343
vn -0.500136 0.863998 0.058066
v -0.252792 0.429315 0.029367
vn -0.541310 0.823311 0.170712
v -0.272691 0.408412 0.088837
vn 0.715695 0.365500 -0.595139
v 0.358407 0.183369 -0.292679
vn 0.875969 0.136085 -0.462774
v 0.437428 0.068205 -0.226662
vn 0.913140 0.054684 -0.403962
v 0.454269 0.027711 -0.202864
vn -0.615939 0.609460 0.499177
v -0.304377 0.304900 0.250943
vn -0.673169 0.616060 0.409038
v -0.338491 0.302184 0.206232
vn -0.695579 0.526829 0.488489
v -0.347931 0.261239 0.243552
vn -0.540475 0.312857 0.781029
v -0.261153 0.162495 0.391597
vn -0.614896 0.372270 0.695210
v -0.309385 0.184603 0.344796
vn -0.538525 0.220657 0.813204
v -0.255332 0.108097 0.413597
vn -0.658408 0.460383 0.595438
v -0.330862 0.229938 0.292251
vn -0.176467 -0.239227 0.954793
v -0.084334 -0.115135 0.476745
vn -0.220451 -0.152470 0.963408
v -0.104730 -0.069791 0.481264
vn -0.424159 -0.048580 0.904284
v -0.222829 -0.024783 0.444048
vn -0.329337 -0.165438 0.929606
v -0.159821 -0.074783 0.465861
vn 0.164728 -0.547248 0.820600
v 0.080628 -0.277998 0.405360
vn 0.071377 -0.504747 0.860311
v 0.036914 -0.248746 0.430267
vn -0.041654 -0.374674 0.926221
v -0.034864 -0.186947 0.460989
vn 0.253679 -0.591494 0.765364
v 0.136852 -0.293019 0.379466
vn 0.316304 -0.634711 0.705049
v 0.159757 -0.316789 0.349698
vn 0.979532 -0.126234 -0.156785
v 0.486799 -0.061321 -0.083177
vn 0.939083 -0.100032 -0.328812
v 0.470098 -0.043467 -0.156299
vn 0.933565 -0.028272 -0.357291
v 0.461635 -0.011478 -0.186809
vn 0.432555 -0.585307 0.685793
v 0.220082 -0.292057 0.338761
vn 0.693390 -0.563060 0.449638
v 0.342692 -0.284837 0.222993
vn 0.496862 -0.590366 0.636078
v 0.246836 -0.291945 0.319520
vn 0.879259 -0.452568 0.148612
v 0.433596 -0.233074 0.079205
vn 0.862455 -0.504536 0.040171
v 0.429754 -0.252225 0.005206
vn 0.902954 -0.429515 0.013781
v 0.452329 -0.209220 0.000136
vn 0.682440 -0.627587 0.374715
v 0.341721 -0.313169 0.182452
vn 0.737916 -0.605039 0.299011
v 0.366598 -0.302018 0.150762
vn 0.773193 -0.602246 0.198678
v 0.381346 -0.307222 0.092039
vn 0.204927 0.754924 -0.622972
v 0.101352 0.380360 -0.306761
vn -0.225698 0.915831 -0.332136
v -0.106097 0.460314 -0.161569
vn -0.000232 0.800407 -0.599457
v 0.007655 0.395933 -0.303069
vn -0.002675 0.747891 -0.663816
v 0.002182 0.377597 -0.326083
vn -0.135760 0.853620 -0.502894
v -0.065956 0.427354 -0.249482
vn -0.298533 0.927295 -0.225837
v -0.154040 0.462619 -0.109029
vn -0.458995 0.885820 -0.068159
v -0.227942 0.443142 -0.031795
vn -0.563288 0.821590 0.087727
v -0.276769 0.412065 0.050570
vn -0.614264 0.773338 0.156935
v -0.305651 0.387404 0.072069
vn -0.620522 0.782434 0.052434
v -0.306643 0.392729 0.022775
vn -0.657957 0.710649 0.249139
v -0.326130 0.354570 0.130067
vn 0.611275 0.497910 -0.615165
v 0.302433 0.245362 -0.310919
vn 0.777420 0.204519 -0.594802
v 0.387436 0.112221 -0.291916
vn 0.668721 0.285339 -0.686581
v 0.325838 0.142576 -0.349043
vn 0.835992 0.153550 -0.526821
v 0.409543 0.075920 -0.272756
vn 0.870267 0.052207 -0.489806
v 0.439353 0.029466 -0.231776
vn -0.672555 0.250712 0.696285
v -0.325985 0.130099 0.353006
vn -0.689626 0.379725 0.616623
v -0.335342 0.187763 0.316040
vn -0.730288 0.430011 0.530820
v -0.362163 0.218044 0.264450
vn -0.743719 0.560022 0.365044
v -0.370893 0.282557 0.175519
vn -0.771951 0.467954 0.430245
v -0.388579 0.236162 0.203392
vn -0.158228 -0.354639 0.921518
v -0.069160 -0.180978 0.458824
vn -0.201083 -0.293572 0.934549
v -0.106151 -0.154415 0.460922
vn -0.276253 -0.247443 0.928685
v -0.140520 -0.121848 0.461982
vn -0.490674 0.007092 0.871314
v -0.246192 -0.002704 0.432975
vn -0.396184 -0.109028 0.911675
v -0.189467 -0.055179 0.456324
vn -0.404962 -0.176269 0.897182
v -0.200680 -0.094162 0.445179
vn 0.151559 -0.620190 0.769672
v 0.072767 -0.314017 0.379898
vn 0.055195 -0.592450 0.803714
v 0.028462 -0.292868 0.402578
vn -0.034312 -0.551289 0.833609
v -0.025712 -0.278727 0.412101
vn -0.119674 -0.477536 0.870423
v -0.052752 -0.239170 0.434216
vn 0.189441 -0.673976 0.714051
v 0.091678 -0.337723 0.355314
vn 0.360065 -0.674942 0.644055
v 0.175079 -0.340272 0.319588
vn 0.322531 -0.724090 0.609645
v 0.164376 -0.360141 0.303281
vn 0.948279 -0.160193 -0.274052
v 0.474719 -0.080816 -0.126864
vn 0.890201 -0.104972 -0.443309
v 0.441957 -0.063042 -0.221025
vn 0.886816 -0.025738 -0.461405
v 0.444119 -0.016491 -0.223327
vn 0.890596 -0.203625 -0.406665
v 0.445382 -0.098053 -0.201517
vn 0.968838 -0.217148 -0.119164
v 0.481297 -0.104568 -0.070743
vn 0.942049 -0.318361 -0.105782
v 0.466604 -0.164265 -0.055894
vn 0.937426 -0.296892 -0.181899
v 0.469208 -0.141351 -0.089652
vn 0.952227 -0.217543 -0.214331
v 0.473300 -0.113674 -0.107266
vn 0.862755 -0.499625 -0.077646
v 0.429704 -0.249193 -0.033062
vn 0.445857 -0.664368 0.599855
v 0.218890 -0.335681 0.296545
vn 0.506881 -0.642468 0.574723
v 0.248648 -0.319937 0.289770
vn 0.569932 -0.625898 0.532381
v 0.284957 -0.310753 0.265643
vn 0.559964 -0.671790 0.484911
v 0.279754 -0.339012 0.235583
vn 0.583974 -0.707169 0.398605
v 0.285438 -0.353114 0.207018
vn 0.814413 -0.570679 0.105151
v 0.405745 -0.284369 0.052925
vn 0.813928 -0.580928 0.006594
v 0.406504 -0.288852 0.006371
vn 0.663454 -0.683816 0.303687
v 0.323746 -0.348785 0.148835
vn 0.715712 -0.658970 0.231331
v 0.355230 -0.328208 0.120352
vn 0.675668 -0.710293 0.197374
v 0.336074 -0.354028 0.099991
vn 0.746850 -0.653647 0.122314
v 0.368729 -0.329453 0.062490
vn 0.527483 0.533117 -0.661474
v 0.266956 0.261133 -0.329969
vn 0.388906 0.653209 -0.649669
v 0.192949 0.329406 -0.321009
vn 0.298755 0.695285 -0.653700
v 0.150454 0.347550 -0.324215
vn 0.225866 0.678909 -0.698618
v 0.109034 0.344824 -0.343473
vn 0.115090 0.707949 -0.696823
v 0.053656 0.351326 -0.349503
vn -0.174966 0.893447 -0.413690
v -0.087645 0.446490 -0.205077
vn -0.224666 0.842417 -0.489753
v -0.112460 0.423032 -0.239273
vn -0.318270 0.883631 -0.343368
v -0.153991 0.441214 -0.175662
vn -0.359294 0.889710 -0.281644
v -0.173950 0.446944 -0.138617
vn -0.086517 0.794909 -0.600529
v -0.044158 0.397322 -0.298351
vn -0.117735 0.738428 -0.663975
v -0.059686 0.365414 -0.333890
vn 0.015039 0.668439 -0.743615
v 0.013226 0.338452 -0.365946
vn -0.204617 0.775815 -0.596861
v -0.102568 0.388980 -0.295369
vn -0.423342 0.883117 -0.202204
v -0.210188 0.441761 -0.100092
vn -0.578188 0.815251 -0.032640
v -0.283313 0.410405 -0.018998
vn -0.706585 0.638829 0.304361
v -0.352206 0.322436 0.143548
vn 0.603547 0.390591 -0.695104
v 0.302697 0.198485 -0.342634
vn 0.581701 0.289644 -0.760086
v 0.293447 0.146657 -0.374288
vn 0.729005 0.216862 -0.649248
v 0.359987 0.104062 -0.327557
vn 0.849721 -0.039497 -0.525751
v 0.415542 -0.021221 -0.273087
vn 0.732105 -0.062452 -0.678323
v 0.367572 -0.027616 -0.334122
vn -0.707448 0.142336 0.692284
v -0.344006 0.065858 0.354453
vn -0.706945 0.305206 0.638027
v -0.353850 0.147973 0.316970
vn -0.760532 0.330177 0.559083
v -0.378491 0.179514 0.269644
vn -0.582805 0.040123 0.811621
v -0.283656 0.027522 0.407758
vn -0.641241 0.086759 0.762419
v -0.325650 0.044532 0.373910
vn -0.829899 0.255517 0.495963
v -0.410672 0.124415 0.252538
vn -0.799088 0.368027 0.475410
v -0.392334 0.183945 0.245168
vn -0.834207 0.393399 0.386441
v -0.419789 0.191533 0.188927
vn -0.774282 0.574513 0.265372
v -0.385875 0.288398 0.126825
vn -0.851992 0.436242 0.289488
v -0.414457 0.225082 0.159588
vn -0.245932 -0.353641 0.902472
v -0.127363 -0.172928 0.449771
vn -0.202691 -0.444266 0.872665
v -0.116088 -0.225633 0.428318
vn -0.336742 -0.337903 0.878878
v -0.160186 -0.176127 0.437222
vn -0.452073 -0.226845 0.862654
v -0.229444 -0.107949 0.428402
vn 0.081825 -0.737230 0.670669
v 0.042053 -0.364448 0.338011
vn -0.007715 -0.760440 0.649362
v -0.001427 -0.378938 0.324268
vn 0.174469 -0.747712 0.640693
v 0.085515 -0.377968 0.314002
vn -0.068404 -0.650649 0.756292
v -0.040278 -0.325747 0.375809
vn -0.141171 -0.585099 0.798580
v -0.061187 -0.294367 0.398025
vn -0.204050 -0.521183 0.828693
v -0.093767 -0.263031 0.412093
vn 0.242906 -0.778052 0.579337
v 0.119650 -0.386630 0.291590
vn 0.832180 -0.224421 -0.507062
v 0.410453 -0.113848 -0.256612
vn 0.913483 -0.282401 -0.292914
v 0.451406 -0.149767 -0.146953
vn 0.890637 -0.391811 -0.230758
v 0.440835 -0.201413 -0.115629
vn 0.880958 -0.447618 -0.153467
v 0.434395 -0.226859 -0.089621
vn 0.491074 -0.712182 0.501641
v 0.242334 -0.358245 0.247833
vn 0.549235 -0.777032 0.307510
v 0.276795 -0.382293 0.162296
vn 0.482697 -0.785041 0.388220
v 0.244350 -0.392629 0.187134
vn 0.805179 -0.583860 -0.103891
v 0.399529 -0.291180 -0.060759
vn 0.615517 -0.741940 0.265827
v 0.308157 -0.368067 0.135565
vn 0.679916 -0.728400 0.084545
v 0.338587 -0.363901 0.043482
vn 0.459619 0.493025 -0.738699
v 0.223333 0.246314 -0.371322
vn 0.366656 0.563924 -0.739968
v 0.185425 0.291557 -0.359017
vn 0.308826 0.615641 -0.724991
v 0.152091 0.303677 -0.364549
vn 0.220863 0.587202 -0.778726
v 0.120684 0.292942 -0.385108
vn 0.179009 0.651087 -0.737592
v 0.097278 0.328117 -0.362089
vn -0.290844 0.857907 -0.423563
v -0.144458 0.430049 -0.208343
vn -0.308914 0.736731 -0.601498
v -0.156112 0.371248 -0.293914
vn -0.258654 0.710542 -0.654392
v -0.125860 0.351474 -0.330150
vn -0.525752 0.808623 -0.264033
v -0.264988 0.402601 -0.129253
vn -0.524197 0.779378 -0.343201
v -0.262608 0.388593 -0.170165
vn -0.414869 0.818042 -0.398361
v -0.203841 0.410947 -0.195596
vn -0.609933 0.781908 -0.128849
v -0.300370 0.393567 -0.060837
vn -0.674873 0.737911 0.005785
v -0.339632 0.365062 0.003884
vn -0.747251 0.660781 0.070600
v -0.369999 0.332171 0.036010
vn 0.506107 0.386842 -0.770850
v 0.243570 0.190031 -0.391020
vn 0.515622 0.292065 -0.805501
v 0.252267 0.145425 -0.403759
vn 0.616318 0.164851 -0.770050
v 0.315405 0.076826 -0.377814
vn 0.729788 0.050618 -0.681798
v 0.355591 0.029320 -0.346416
vn 0.560125 0.218375 -0.799107
v 0.278974 0.109533 -0.396666
vn 0.831707 -0.140833 -0.537056
v 0.410686 -0.065602 -0.273747
vn 0.769811 -0.132682 -0.624328
v 0.388965 -0.073968 -0.302279
vn -0.649029 0.011876 0.760671
v -0.326070 0.001841 0.376361
vn -0.590401 -0.044483 0.805884
v -0.301233 -0.018488 0.395241
vn -0.850833 0.306165 0.427019
v -0.425058 0.155261 0.207580
vn -0.883258 0.225384 0.411165
v -0.440155 0.109579 0.205974
vn -0.817015 0.530795 0.225262
v -0.410879 0.263248 0.101988
vn -0.868059 0.462362 0.180819
v -0.432124 0.228784 0.097623
vn -0.418966 -0.342409 0.840966
v -0.213955 -0.176019 0.414031
vn -0.508244 -0.359818 0.782444
v -0.243996 -0.172746 0.398020
vn -0.499558 -0.281963 0.819108
v -0.247826 -0.141232 0.407884
vn -0.497711 -0.112296 0.860043
v -0.251272 -0.051061 0.427411
vn -0.546876 -0.208141 0.810928
v -0.263861 -0.101819 0.409740
vn -0.604809 -0.143340 0.783365
v -0.308844 -0.072589 0.383166
vn -0.578338 -0.287487 0.763463
v -0.293568 -0.146609 0.374591
vn -0.035058 -0.705836 0.707508
v -0.019503 -0.351778 0.353102
vn 0.035535 -0.793682 0.607294
v 0.012934 -0.395870 0.302906
vn 0.127339 -0.806922 0.576768
v 0.069488 -0.403260 0.285391
vn -0.152842 -0.732555 0.663326
v -0.074172 -0.367398 0.328647
vn -0.257026 -0.596491 0.760353
v -0.133147 -0.296735 0.378463
vn -0.318972 -0.528850 0.786495
v -0.147606 -0.270250 0.392004
vn 0.408044 -0.787037 0.462680
v 0.203784 -0.395400 0.225922
vn 0.870161 -0.330453 -0.365541
v 0.434908 -0.155110 -0.186754
vn 0.834386 -0.300065 -0.462343
v 0.413115 -0.150685 -0.232526
vn 0.788137 -0.303431 -0.535508
v 0.390428 -0.148359 -0.271245
vn 0.839416 -0.502972 -0.205912
v 0.416090 -0.257110 -0.097667
vn 0.791407 -0.570395 -0.219829
v 0.399007 -0.281756 -0.100181
vn 0.379322 -0.849910 0.365742
v 0.188097 -0.427258 0.177042
vn 0.737269 -0.668206 -0.099674
v 0.364343 -0.336229 -0.054127
vn 0.745533 -0.639087 -0.189073
v 0.375598 -0.316253 -0.086263
vn 0.674175 -0.738057 -0.027574
v 0.337261 -0.367465 -0.010929
vn 0.608926 -0.780345 0.142371
v 0.303323 -0.389462 0.071304
vn 0.589044 -0.807396 0.033745
v 0.287150 -0.407495 0.014663
vn 0.391043 0.452413 -0.801504
v 0.205345 0.225511 -0.394284
vn 0.423883 0.346292 -0.836902
v 0.215194 0.174092 -0.413775
vn 0.310121 0.512235 -0.800900
v 0.139170 0.257299 -0.403765
vn 0.210485 0.473419 -0.855319
v 0.119676 0.238152 -0.421293
vn 0.107407 0.620450 -0.776856
v 0.050139 0.307056 -0.389763
vn -0.379940 0.795574 -0.471919
v -0.190993 0.398427 -0.231457
vn -0.305394 0.795429 -0.523476
v -0.149883 0.396892 -0.262471
vn -0.187288 0.695695 -0.693493
v -0.092538 0.344821 -0.347848
vn -0.509523 0.743913 -0.432411
v -0.251526 0.373456 -0.215477
vn -0.461311 0.741528 -0.487163
v -0.233967 0.372068 -0.236084
vn -0.601709 0.771618 -0.206281
v -0.297725 0.386084 -0.105527
vn -0.691608 0.702142 -0.169337
v -0.344572 0.350327 -0.085692
vn -0.825219 0.561234 -0.063490
v -0.407646 0.285695 -0.019720
vn -0.767369 0.633889 -0.096586
v -0.378685 0.320446 -0.045510
vn -0.808205 0.588625 0.018006
v -0.403760 0.292960 0.008505
vn 0.477994 0.262499 -0.838222
v 0.242262 0.127798 -0.415734
vn 0.393617 0.311372 -0.864936
v 0.196056 0.154109 -0.430588
vn 0.492376 0.183845 -0.850745
v 0.243098 0.089892 -0.425411
vn 0.657464 0.059500 -0.751133
v 0.331399 0.029145 -0.370536
vn 0.568132 0.140226 -0.810902
v 0.280994 0.070776 -0.403930
vn 0.683227 -0.016664 -0.730016
v 0.339248 -0.008806 -0.363990
vn 0.633253 -0.114638 -0.765408
v 0.321360 -0.057248 -0.376624
vn 0.773714 -0.213979 -0.596305
v 0.390217 -0.098715 -0.293344
vn 0.697702 -0.175003 -0.694684
v 0.337255 -0.093884 -0.354569
vn -0.785852 0.104413 0.609536
v -0.398841 0.049588 0.294652
vn -0.729456 0.029349 0.683398
v -0.360999 0.020963 0.341653
vn -0.681316 -0.076495 0.727981
v -0.334983 -0.038521 0.366958
vn -0.910830 0.125380 0.393278
v -0.452535 0.061869 0.199516
vn -0.866622 0.133898 0.480664
v -0.438977 0.061525 0.225866
vn -0.911221 0.395340 0.115684
v -0.451732 0.195209 0.076108
vn -0.873671 0.478779 0.086425
v -0.435869 0.238460 0.034555
vn -0.422821 -0.447224 0.788171
v -0.217264 -0.224404 0.388460
vn -0.513370 -0.459994 0.724470
v -0.242876 -0.235496 0.365671
vn -0.597682 -0.359022 0.716854
v -0.299178 -0.180943 0.355364
vn -0.616814 -0.225945 0.753982
v -0.310058 -0.122502 0.369548
vn -0.675383 -0.184470 0.714023
v -0.336310 -0.087315 0.356737
vn -0.086288 -0.757450 0.647166
v -0.040707 -0.373736 0.327682
vn -0.053109 -0.803653 0.592724
v -0.028008 -0.401682 0.293802
vn 0.016786 -0.842423 0.538555
v 0.010180 -0.421492 0.267017
vn -0.197183 -0.671089 0.714674
v -0.106172 -0.341492 0.347608
vn -0.244408 -0.718435 0.651242
v -0.120317 -0.358129 0.325421
vn -0.428586 -0.532666 0.729782
v -0.214374 -0.262880 0.365204
vn -0.369060 -0.603248 0.707026
v -0.191372 -0.298821 0.349567
vn 0.203943 -0.846047 0.492556
v 0.099138 -0.423981 0.243599
vn 0.298943 -0.830489 0.470022
v 0.148148 -0.417687 0.229946
vn 0.796462 -0.366769 -0.480759
v 0.397835 -0.188215 -0.231891
vn 0.813052 -0.396399 -0.426396
v 0.407506 -0.203412 -0.202241
vn 0.796854 -0.522408 -0.303502
v 0.394631 -0.257595 -0.159937
vn 0.768853 -0.494505 -0.405376
v 0.386550 -0.246362 -0.195699
vn 0.453990 -0.841058 0.294133
v 0.224556 -0.421994 0.142890
vn 0.437563 -0.870461 0.225469
v 0.219015 -0.434887 0.108896
vn 0.509725 -0.825814 0.241269
v 0.253685 -0.412483 0.119501
vn 0.496030 -0.850797 0.173489
v 0.249582 -0.423009 0.086622
vn 0.673391 -0.724582 -0.146713
v 0.332447 -0.364083 -0.074591
vn 0.517009 -0.851065 0.091598
v 0.252072 -0.428301 0.044792
vn 0.506310 -0.862004 -0.024465
v 0.247524 -0.433044 -0.016939
vn 0.428928 -0.902539 0.038012
v 0.214751 -0.450069 0.021216
vn 0.117318 0.523804 -0.843721
v 0.044023 0.263646 -0.421313
vn 0.031104 0.484175 -0.874418
v 0.030098 0.238087 -0.437068
vn -0.429693 0.641592 -0.635392
v -0.210130 0.321714 -0.317288
vn -0.594804 0.700198 -0.394881
v -0.300335 0.346995 -0.196352
vn -0.666086 0.659563 -0.348291
v -0.327428 0.332472 -0.175339
vn -0.625578 0.727392 -0.282049
v -0.313308 0.363467 -0.135040
vn -0.550303 0.648219 -0.526287
v -0.270315 0.321657 -0.268711
vn -0.819243 0.553507 -0.149903
v -0.404292 0.281497 -0.076989
vn -0.865810 0.490365 -0.099578
v -0.429183 0.245182 -0.060420
vn 0.410341 0.236840 -0.880640
v 0.207785 0.118359 -0.436434
vn 0.476826 0.092343 -0.874134
v 0.251409 0.045554 -0.427966
vn 0.564265 0.035477 -0.824831
v 0.268561 0.016737 -0.419299
vn 0.611728 -0.229808 -0.756952
v 0.313437 -0.114801 -0.369106
vn 0.691500 -0.245480 -0.679388
v 0.336887 -0.131159 -0.343374
vn 0.729476 -0.308622 -0.610424
v 0.363702 -0.151699 -0.304242
vn -0.845831 0.080143 0.527396
v -0.413931 0.035815 0.274782
vn -0.818665 -0.012670 0.574132
v -0.403069 -0.009473 0.292772
vn -0.759404 -0.063555 0.647508
v -0.390880 -0.031318 0.307311
vn -0.733563 -0.152620 0.662264
v -0.354228 -0.075867 0.340819
vn -0.813659 -0.122242 0.568345
v -0.400825 -0.068223 0.288566
vn -0.925890 0.238158 0.293272
v -0.460400 0.121925 0.145033
vn -0.879996 0.017543 0.474657
v -0.441332 0.005041 0.229448
vn -0.922606 0.384631 0.029293
v -0.459106 0.193130 0.014450
vn -0.912346 0.353957 0.205766
v -0.454875 0.180156 0.097917
vn -0.668537 -0.282349 0.687995
v -0.331042 -0.135184 0.346408
vn -0.721250 -0.305479 0.621676
v -0.361501 -0.156366 0.303953
vn -0.727272 -0.230798 0.646380
v -0.356344 -0.119396 0.325813
vn -0.144407 -0.802606 0.578766
v -0.071196 -0.402028 0.286223
vn -0.230540 -0.832181 0.504308
v -0.109150 -0.416472 0.252396
vn -0.116190 -0.899605 0.420964
v -0.053467 -0.448127 0.213464
vn -0.077426 -0.853084 0.515997
v -0.037874 -0.426001 0.257037
vn 0.093989 -0.872200 0.480034
v 0.044858 -0.434550 0.241882
vn -0.337075 -0.688055 0.642621
v -0.165853 -0.346096 0.318288
vn -0.440185 -0.588836 0.677871
v -0.218971 -0.294162 0.337243
vn 0.669983 -0.389253 -0.632143
v 0.332312 -0.187909 -0.319902
vn 0.724859 -0.428218 -0.539637
v 0.361001 -0.215738 -0.268013
vn 0.716396 -0.552363 -0.426230
v 0.356550 -0.272878 -0.215520
vn 0.731763 -0.594505 -0.333296
v 0.361086 -0.303214 -0.163170
vn 0.366386 -0.906845 0.208310
v 0.179968 -0.452754 0.107503
vn 0.431524 -0.890071 0.146835
v 0.212430 -0.445444 0.074759
vn 0.612587 -0.767814 -0.187611
v 0.305251 -0.384014 -0.090436
vn 0.656152 -0.701999 -0.276881
v 0.334907 -0.343017 -0.139081
vn 0.599923 -0.704576 -0.379031
v 0.292826 -0.355704 -0.190007
vn 0.502821 -0.853410 -0.137342
v 0.254929 -0.424519 -0.061381
vn 0.303980 0.272328 -0.912926
v 0.151500 0.143192 -0.452702
vn 0.204525 0.367149 -0.907398
v 0.105477 0.187646 -0.448827
vn 0.145617 0.407760 -0.901403
v 0.064546 0.197929 -0.452236
vn -0.068078 0.437005 -0.896879
v -0.045180 0.225229 -0.442690
vn -0.112365 0.391616 -0.913242
v -0.052666 0.204215 -0.451599
vn -0.111909 0.495305 -0.861481
v -0.047588 0.249525 -0.429308
vn -0.275442 0.461415 -0.843343
v -0.132164 0.232097 -0.420994
vn -0.205753 0.523435 -0.826850
v -0.110649 0.265453 -0.406495
vn -0.504884 0.578060 -0.641045
v -0.247059 0.288105 -0.322921
vn -0.378201 0.542970 -0.749765
v -0.187421 0.271231 -0.373389
vn -0.366335 0.464150 -0.806451
v -0.193612 0.233056 -0.395477
vn -0.632780 0.635997 -0.441698
v -0.314665 0.323057 -0.212434
vn -0.735515 0.594073 -0.325723
v -0.360850 0.305452 -0.158413
vn -0.701681 0.660543 -0.267071
v -0.353486 0.324213 -0.136148
vn -0.873560 0.454878 -0.173144
v -0.435129 0.226821 -0.087193
vn 0.335945 0.127630 -0.933194
v 0.164224 0.059774 -0.466877
vn 0.547132 -0.190163 -0.815159
v 0.265652 -0.092314 -0.411047
vn 0.396796 0.013170 -0.917812
v 0.207764 0.006019 -0.451939
vn 0.568918 -0.299150 -0.766056
v 0.283856 -0.156371 -0.377528
vn 0.502402 -0.337309 -0.796125
v 0.250636 -0.162383 -0.398358
vn -0.867533 -0.069519 0.492497
v -0.436427 -0.038386 0.235290
vn -0.911429 -0.061146 0.406888
v -0.455411 -0.028939 0.199916
vn -0.982442 0.176577 0.060232
v -0.490821 0.078763 0.026799
vn -0.958509 0.233120 0.164062
v -0.476132 0.122765 0.079713
vn -0.951079 0.300191 0.073033
v -0.473931 0.151204 0.022163
vn -0.961520 0.271306 -0.043278
v -0.479521 0.134646 -0.013670
vn -0.913794 0.399507 -0.073313
v -0.456360 0.196292 -0.031873
vn -0.921464 0.356823 -0.153564
v -0.457667 0.181137 -0.076477
vn -0.621032 -0.424386 0.658951
v -0.305629 -0.211293 0.332800
vn -0.583856 -0.498951 0.640437
v -0.297455 -0.242762 0.318307
vn -0.684931 -0.367949 0.628875
v -0.346388 -0.184512 0.305907
vn -0.782870 -0.274681 0.558270
v -0.392434 -0.130791 0.277678
vn -0.184144 -0.923550 0.336372
v -0.089982 -0.461342 0.168548
vn -0.333483 -0.790985 0.512964
v -0.160274 -0.392898 0.262801
vn -0.423704 -0.644304 0.636669
v -0.208980 -0.322438 0.317281
vn -0.499527 -0.567862 0.654222
v -0.245151 -0.286911 0.325029
vn 0.088635 -0.956220 0.278905
v 0.039863 -0.477937 0.138831
vn 0.202123 -0.931476 0.302489
v 0.100055 -0.466671 0.147390
vn 0.184581 -0.963588 0.193465
v 0.091705 -0.481073 0.097466
vn 0.698580 -0.512792 -0.499029
v 0.346975 -0.255353 -0.250852
vn 0.593844 -0.394811 -0.701052
v 0.301812 -0.191727 -0.346760
vn 0.278639 -0.938254 0.205036
v 0.138891 -0.467466 0.106953
vn 0.346281 -0.930393 0.120244
v 0.170124 -0.465649 0.061015
vn 0.552707 -0.787397 -0.272986
v 0.275192 -0.394758 -0.131652
vn 0.460939 -0.847981 -0.261655
v 0.223798 -0.425845 -0.132908
vn 0.561933 -0.756014 -0.335668
v 0.276527 -0.380881 -0.164694
vn 0.340832 -0.940114 -0.004292
v 0.166684 -0.470930 -0.001377
vn 0.411920 -0.893458 -0.179039
v 0.204336 -0.447940 -0.082640
vn 0.078895 0.337706 -0.937939
v 0.038646 0.167864 -0.467564
vn 0.166864 0.297941 -0.939887
v 0.074899 0.148321 -0.469073
vn -0.015428 0.355970 -0.934370
v -0.006084 0.177765 -0.464485
vn 0.235704 0.219408 -0.946733
v 0.122626 0.111889 -0.469506
vn 0.221221 0.142739 -0.964721
v 0.120004 0.078047 -0.476360
vn -0.178171 0.347022 -0.920777
v -0.073038 0.172213 -0.461256
vn -0.188722 0.435587 -0.880141
v -0.107337 0.212780 -0.436990
vn -0.031116 0.271223 -0.962013
v -0.028726 0.145593 -0.474966
vn -0.585793 0.553715 -0.591816
v -0.290976 0.278631 -0.292548
vn -0.573168 0.496550 -0.651856
v -0.284636 0.244850 -0.327516
vn -0.343751 0.372757 -0.861909
v -0.158208 0.183819 -0.434981
vn -0.513314 0.476970 -0.713448
v -0.253389 0.239354 -0.355628
vn -0.460569 0.451845 -0.764011
v -0.222447 0.229707 -0.382220
vn -0.634652 0.574519 -0.516861
v -0.315149 0.287862 -0.257142
vn -0.691524 0.591123 -0.415172
v -0.344328 0.297039 -0.203762
vn -0.874037 0.414414 -0.253614
v -0.434357 0.204244 -0.131796
vn 0.318231 0.030806 -0.947513
v 0.154687 0.025436 -0.472582
vn 0.236061 -0.040215 -0.970906
v 0.133555 -0.016862 -0.479464
vn 0.439520 -0.157189 -0.884372
v 0.228337 -0.078324 -0.435232
vn 0.300571 -0.071226 -0.951096
v 0.151726 -0.034093 -0.473614
vn 0.485083 -0.244854 -0.839489
v 0.244642 -0.119130 -0.417102
vn 0.539799 -0.392920 -0.744467
v 0.268954 -0.195336 -0.370248
vn 0.540210 -0.464744 -0.701560
v 0.268652 -0.240199 -0.343217
vn 0.488475 -0.433981 -0.757002
v 0.236626 -0.217926 -0.380000
vn -0.980586 0.115172 0.158704
v -0.486039 0.062872 0.088067
vn -0.994820 0.076745 0.066653
v -0.495715 0.037228 0.023944
vn -0.966145 0.037448 0.255269
v -0.482936 0.016691 0.120943
vn -0.991139 0.006598 0.132665
v -0.491223 0.000900 0.078931
vn -0.945043 -0.044606 0.323888
v -0.466344 -0.027510 0.170101
vn -0.932461 -0.124563 0.339117
v -0.458737 -0.065007 0.181687
vn -0.952390 0.267337 -0.146572
v -0.475141 0.129540 -0.071832
vn -0.676946 -0.474211 0.562910
v -0.341936 -0.239524 0.271511
vn -0.746245 -0.372384 0.551768
v -0.370024 -0.186968 0.276458
vn -0.807364 -0.319251 0.496227
v -0.396767 -0.161557 0.253036
vn -0.305811 -0.847095 0.434638
v -0.150694 -0.422180 0.219116
vn -0.162290 -0.951608 0.260970
v -0.075494 -0.475776 0.131236
vn -0.043082 -0.947375 0.317213
v -0.023877 -0.473992 0.155714
vn -0.386674 -0.718944 0.577583
v -0.194971 -0.360928 0.283427
vn -0.500292 -0.674306 0.543156
v -0.247728 -0.332005 0.278134
vn -0.423676 -0.754779 0.500807
v -0.211220 -0.377120 0.248850
vn -0.467884 -0.756577 0.456810
v -0.226444 -0.378978 0.231291
vn -0.352269 -0.858069 0.373662
v -0.179743 -0.429647 0.178387
vn -0.399087 -0.813156 0.423683
v -0.200785 -0.407109 0.206682
vn -0.590129 -0.570042 0.571664
v -0.288686 -0.284510 0.290348
vn -0.667602 -0.557183 0.493816
v -0.335192 -0.276992 0.243323
vn 0.055861 -0.978913 0.196491
v 0.030257 -0.488825 0.099355
vn 0.164008 -0.982835 0.084477
v 0.091162 -0.489341 0.042253
vn 0.585227 -0.658477 -0.473199
v 0.294007 -0.325431 -0.236909
vn 0.501619 -0.536922 -0.678302
v 0.242484 -0.274015 -0.338326
vn 0.504886 -0.716135 -0.481913
v 0.254748 -0.358532 -0.234902
vn 0.481016 -0.793174 -0.373494
v 0.234817 -0.398107 -0.187365
vn 0.434231 -0.781259 -0.448418
v 0.222551 -0.387173 -0.221362
vn 0.379027 -0.884500 -0.272027
v 0.188456 -0.441345 -0.137065
vn 0.396195 -0.841217 -0.367945
v 0.191518 -0.420391 -0.188535
vn 0.255144 -0.963348 0.082838
v 0.126368 -0.482373 0.031744
vn 0.212645 -0.975941 -0.048173
v 0.102294 -0.488012 -0.031763
vn 0.226127 -0.963184 -0.145405
v 0.111378 -0.481496 -0.069925
vn 0.299766 -0.930083 -0.212334
v 0.150416 -0.464295 -0.105816
vn 0.142040 0.188535 -0.971740
v 0.059962 0.095851 -0.485016
vn 0.056474 0.276409 -0.959379
v 0.031514 0.138106 -0.477503
vn 0.169819 0.082614 -0.982006
v 0.073477 0.037887 -0.490776
vn -0.132569 0.210367 -0.968593
v -0.060042 0.102305 -0.484224
vn -0.187331 0.278348 -0.942035
v -0.077463 0.128254 -0.474502
vn -0.241434 0.359909 -0.901208
v -0.133265 0.178783 -0.445750
vn -0.032135 0.181946 -0.982783
v -0.029135 0.086247 -0.489471
vn -0.645567 0.483015 -0.591557
v -0.324484 0.235913 -0.294793
vn -0.413487 0.374736 -0.829820
v -0.212051 0.185720 -0.410716
vn -0.558920 0.369882 -0.742157
v -0.284821 0.182305 -0.365835
vn -0.701998 0.517875 -0.488880
v -0.346815 0.261118 -0.244922
vn -0.712551 0.450721 -0.537700
v -0.353193 0.231875 -0.263883
vn -0.750433 0.523407 -0.403603
v -0.379713 0.258319 -0.193058
vn -0.795861 0.493631 -0.350619
v -0.397470 0.245189 -0.174745
vn -0.764847 0.445886 -0.464968
v -0.382697 0.219207 -0.230357
vn -0.862462 0.376412 -0.338339
v -0.423225 0.196674 -0.174947
vn 0.368414 -0.222676 -0.902600
v 0.177189 -0.106996 -0.452496
vn 0.423790 -0.297160 -0.855627
v 0.215628 -0.156602 -0.420654
vn 0.280449 -0.252920 -0.925948
v 0.137651 -0.129158 -0.460595
vn 0.416686 -0.379184 -0.826191
v 0.208296 -0.187757 -0.411651
vn 0.403825 -0.478127 -0.779948
v 0.208718 -0.241691 -0.382832
vn -0.981871 -0.096146 0.163354
v -0.487134 -0.045050 0.093196
vn -0.955139 -0.151320 0.254583
v -0.475942 -0.081739 0.120316
vn -0.936739 -0.184672 0.297349
v -0.464215 -0.088987 0.154908
vn -0.912059 -0.221357 0.345179
v -0.450570 -0.115991 0.178297
vn -0.877564 -0.320029 0.357020
v -0.438459 -0.151442 0.182592
vn -0.974330 0.191768 -0.117919
v -0.484306 0.094901 -0.060742
vn -0.989991 0.129790 -0.055424
v -0.493518 0.063073 -0.022028
vn -0.975933 0.117128 -0.183947
v -0.484623 0.059220 -0.100492
vn -0.999707 0.023698 -0.004958
v -0.498155 0.014929 -0.008440
vn -0.730112 -0.506693 0.458475
v -0.357285 -0.256403 0.234040
vn -0.815623 -0.363113 0.450454
v -0.411375 -0.185018 0.211585
vn -0.293895 -0.889238 0.350545
v -0.143911 -0.444364 0.175539
vn -0.219344 -0.951902 0.213940
v -0.109368 -0.476942 0.099078
vn -0.390920 -0.862540 0.321259
v -0.195221 -0.429163 0.163382
vn -0.472236 -0.802043 0.365678
v -0.238817 -0.399813 0.179010
vn -0.524623 -0.744796 0.412370
v -0.260834 -0.370916 0.207970
vn -0.568243 -0.699248 0.433765
v -0.286119 -0.349479 0.212655
vn -0.625452 -0.636052 0.451938
v -0.305348 -0.323107 0.226598
vn 0.045609 -0.996344 0.072242
v 0.028831 -0.497906 0.035321
vn -0.060398 -0.989390 0.132138
v -0.028089 -0.494162 0.068242
vn 0.103796 -0.994541 -0.010715
v 0.047088 -0.497437 0.004116
vn 0.456500 -0.682499 -0.570791
v 0.229377 -0.340118 -0.283527
vn 0.518588 -0.628083 -0.580154
v 0.256890 -0.310053 -0.294260
vn 0.385317 -0.567497 -0.727653
v 0.201333 -0.281888 -0.358557
vn 0.426183 -0.630316 -0.648898
v 0.209061 -0.316501 -0.323608
vn 0.419571 -0.735399 -0.532118
v 0.210996 -0.365421 -0.265616
vn 0.369068 -0.786789 -0.494724
v 0.182815 -0.391745 -0.248768
vn 0.315047 -0.893009 -0.321372
v 0.158239 -0.448057 -0.152635
vn 0.340445 -0.840182 -0.422127
v 0.167159 -0.420263 -0.211112
vn 0.163388 -0.960562 -0.224997
v 0.085499 -0.479090 -0.112452
vn 0.013744 -0.011486 -0.999840
v 0.021961 0.000853 -0.497062
vn -0.007753 0.090875 -0.995832
v -0.004208 0.051093 -0.494547
vn -0.251295 0.207283 -0.945455
v -0.140211 0.111804 -0.465033
vn -0.737349 0.379186 -0.559047
v -0.368498 0.186869 -0.278099
vn -0.607181 0.412769 -0.678935
v -0.297799 0.202747 -0.344124
vn -0.685314 0.386751 -0.617064
v -0.342437 0.196043 -0.303724
vn -0.399790 0.281953 -0.872164
v -0.209498 0.141106 -0.428672
vn -0.502780 0.308603 -0.807450
v -0.238912 0.156906 -0.408394
vn -0.496781 0.188020 -0.847265
v -0.244248 0.099614 -0.423201
vn -0.905496 0.233950 -0.354040
v -0.448046 0.109385 -0.189206
vn -0.851486 0.301655 -0.428925
v -0.426072 0.152654 -0.208223
vn -0.812821 0.376032 -0.444885
v -0.407487 0.184789 -0.218735
vn 0.139750 -0.125252 -0.982233
v 0.067397 -0.049139 -0.491146
vn 0.132096 -0.026332 -0.990887
v 0.059237 -0.023859 -0.494342
vn 0.206422 -0.156633 -0.965845
v 0.094157 -0.083888 -0.481257
vn 0.338751 -0.318157 -0.885451
v 0.162010 -0.151829 -0.445484
vn 0.207021 -0.254360 -0.944692
v 0.108568 -0.134940 -0.466357
vn 0.145529 -0.215665 -0.965562
v 0.066719 -0.109783 -0.480929
vn 0.250707 -0.390538 -0.885791
v 0.127001 -0.202463 -0.437413
vn 0.348999 -0.405219 -0.844983
v 0.175261 -0.204073 -0.418671
vn -0.983435 -0.151603 0.099360
v -0.489537 -0.068205 0.055158
vn -0.995976 -0.061762 0.064946
v -0.496244 -0.030995 0.020746
vn -0.969459 -0.191931 0.152683
v -0.479785 -0.104800 0.083773
vn -0.943196 -0.249332 0.219577
v -0.473220 -0.122559 0.096584
vn -0.916161 -0.296343 0.269871
v -0.459029 -0.149693 0.120788
vn -0.990601 0.020337 -0.135265
v -0.489933 0.023061 -0.084171
vn -0.717355 -0.572177 0.397513
v -0.356607 -0.287823 0.195712
vn -0.784038 -0.506756 0.358444
v -0.396559 -0.242847 0.179434
vn -0.818203 -0.433170 0.378031
v -0.405771 -0.220190 0.188382
vn -0.288001 -0.919078 0.268982
v -0.153102 -0.456389 0.133246
vn -0.269996 -0.950443 0.154145
v -0.136343 -0.473940 0.079388
vn -0.181696 -0.980424 0.075865
v -0.085837 -0.490515 0.037145
vn -0.469000 -0.844237 0.259428
v -0.233434 -0.420593 0.132347
vn -0.546289 -0.782068 0.299896
v -0.270652 -0.392153 0.147680
vn -0.614356 -0.715084 0.333499
v -0.307082 -0.355676 0.166714
vn -0.688499 -0.643413 0.334649
v -0.344253 -0.322367 0.162825
vn -0.066592 -0.997096 0.036944
v -0.031022 -0.498310 0.014990
vn -0.012066 -0.999084 -0.041065
v -0.007368 -0.498879 -0.024272
vn 0.349988 -0.700197 -0.622280
v 0.180375 -0.347834 -0.308103
vn 0.336703 -0.760383 -0.555382
v 0.163803 -0.381170 -0.276597
vn 0.227854 -0.925634 -0.302132
v 0.110391 -0.465274 -0.143864
vn 0.255686 -0.885902 -0.387043
v 0.122059 -0.445020 -0.190148
vn 0.270629 -0.828602 -0.490081
v 0.136541 -0.413222 -0.244009
vn 0.259643 -0.771904 -0.580301
v 0.129881 -0.381760 -0.294031
vn -0.005733 -0.991582 -0.129354
v 0.001956 -0.495671 -0.063901
vn 0.029021 -0.972910 -0.229354
v 0.014216 -0.485438 -0.116444
vn 0.145958 -0.933215 -0.328340
v 0.074842 -0.468006 -0.157536
vn -0.102407 0.011008 -0.994682
v -0.048812 -0.003020 -0.496228
vn -0.199242 0.113079 -0.973404
v -0.094395 0.052267 -0.485398
vn -0.295122 0.133209 -0.946128
v -0.153350 0.074272 -0.468395
vn -0.378054 0.185650 -0.906978
v -0.169101 0.089498 -0.459770
vn -0.778717 0.374470 -0.503361
v -0.386672 0.186150 -0.252726
vn -0.722185 0.282333 -0.631456
v -0.363179 0.138841 -0.310392
vn -0.661721 0.303328 -0.685651
v -0.326173 0.153413 -0.343448
vn -0.453561 0.099397 -0.885665
v -0.237117 0.053390 -0.434712
vn -0.854511 0.216495 -0.472165
v -0.428198 0.120453 -0.222801
vn -0.793110 0.291184 -0.534966
v -0.387867 0.140129 -0.279883
vn -0.847136 0.162183 -0.506020
v -0.419054 0.082063 -0.254936
vn 0.042611 -0.107377 -0.993305
v 0.031136 -0.050955 -0.493922
vn 0.261425 -0.469171 -0.843525
v 0.134187 -0.234726 -0.419155
vn 0.284754 -0.592945 -0.753214
v 0.130218 -0.291557 -0.382959
vn 0.268881 -0.532608 -0.802516
v 0.133582 -0.263137 -0.402227
vn -0.878404 -0.382104 0.287057
v -0.437265 -0.190598 0.141877
vn -0.985018 -0.172396 0.004365
v -0.490450 -0.090914 0.001270
vn -0.985858 -0.112061 -0.124607
v -0.488568 -0.053378 -0.079170
vn -0.958876 -0.264046 0.104097
v -0.474455 -0.139795 0.051899
vn -0.931831 -0.350059 0.095656
v -0.462862 -0.178247 0.040706
vn -0.948888 0.118875 -0.292371
v -0.476618 0.058010 -0.130977
vn -0.939783 0.016594 -0.341369
v -0.462262 -0.001965 -0.185427
vn -0.913450 0.135890 -0.383593
v -0.455059 0.073331 -0.189397
vn -0.765205 -0.576691 0.286162
v -0.379854 -0.289772 0.141746
vn -0.835214 -0.481475 0.265706
v -0.417817 -0.237813 0.129618
vn -0.386220 -0.900225 0.201069
v -0.194341 -0.449408 0.098303
vn -0.338459 -0.937843 0.076780
v -0.161180 -0.471528 0.035844
vn -0.177339 -0.975986 -0.126499
v -0.087299 -0.488708 -0.057801
vn -0.268933 -0.962728 -0.028789
v -0.135822 -0.480852 -0.007885
vn -0.535242 -0.820270 0.201673
v -0.265244 -0.411508 0.095990
vn -0.462511 -0.875699 0.138689
v -0.230904 -0.437542 0.067276
vn -0.605648 -0.763416 0.224469
v -0.300022 -0.380951 0.116012
vn -0.094089 -0.991181 -0.093310
v -0.059076 -0.493408 -0.049601
vn 0.258825 -0.661745 -0.703635
v 0.125300 -0.331377 -0.351079
vn 0.213443 -0.730409 -0.648803
v 0.109129 -0.369436 -0.317466
vn -0.077834 -0.980552 -0.180164
v -0.031156 -0.491449 -0.083254
vn 0.010019 -0.922405 -0.386093
v 0.003169 -0.463161 -0.186404
vn 0.081927 -0.911665 -0.402685
v 0.033923 -0.454200 -0.203856
vn -0.154683 -0.067981 -0.985622
v -0.067169 -0.032706 -0.492193
vn -0.787663 0.189007 -0.586399
v -0.394095 0.098861 -0.288451
vn -0.706012 0.204153 -0.678136
v -0.345948 0.098788 -0.343380
vn -0.731495 0.132526 -0.668844
v -0.360623 0.064323 -0.336239
vn -0.560088 0.050201 -0.826911
v -0.266582 0.023732 -0.420132
vn -0.573652 0.126203 -0.809318
v -0.280023 0.051605 -0.407628
vn -0.652622 0.114582 -0.748970
v -0.328818 0.054670 -0.370695
vn -0.015568 -0.180396 -0.983471
v -0.009044 -0.089091 -0.489477
vn -0.050074 -0.299454 -0.952796
v -0.034308 -0.152986 -0.473066
vn 0.088285 -0.347095 -0.933665
v 0.047572 -0.172620 -0.465549
vn 0.178787 -0.604015 -0.776660
v 0.100911 -0.298286 -0.386143
vn 0.163410 -0.685180 -0.709807
v 0.088032 -0.342164 -0.351426
vn 0.066333 -0.608736 -0.790595
v 0.038336 -0.307425 -0.390446
vn -0.878430 -0.430174 0.208112
v -0.437651 -0.212654 0.106068
vn -0.970250 -0.226433 -0.085696
v -0.483539 -0.111033 -0.035753
vn -0.967765 -0.086543 -0.236519
v -0.484435 -0.046561 -0.108906
vn -0.948711 -0.312121 -0.050279
v -0.472554 -0.155385 -0.016447
vn -0.924811 -0.379940 0.019251
v -0.460047 -0.190684 0.013047
vn -0.894905 -0.436141 0.094481
v -0.442268 -0.223889 0.048692
vn -0.923831 -0.093881 -0.371111
v -0.459847 -0.048809 -0.185276
vn -0.892733 -0.021429 -0.450076
v -0.451809 -0.003100 -0.210539
vn -0.841273 0.058520 -0.537434
v -0.408484 0.029704 -0.283912
vn -0.788029 -0.587532 0.183892
v -0.395191 -0.291627 0.088026
vn -0.473650 -0.880336 0.025786
v -0.230533 -0.442937 0.011433
vn -0.277929 -0.949883 -0.143100
v -0.133443 -0.475989 -0.072094
vn -0.693117 -0.682978 0.230500
v -0.340496 -0.345444 0.116093
vn -0.564227 -0.817596 0.114827
v -0.282962 -0.407629 0.053088
vn 0.022393 -0.881737 -0.471209
v 0.015636 -0.438569 -0.237550
vn 0.063318 -0.824572 -0.562202
v 0.028673 -0.408560 -0.284924
vn 0.060304 -0.743741 -0.665742
v 0.025444 -0.371717 -0.332111
vn -0.078661 -0.961307 -0.264008
v -0.039763 -0.479520 -0.133429
vn -0.094095 -0.179914 -0.979172
v -0.049685 -0.090142 -0.487110
vn -0.231056 -0.051001 -0.971603
v -0.127099 -0.022035 -0.480673
vn -0.342170 -0.032076 -0.939090
v -0.160366 -0.009122 -0.471783
vn -0.181925 -0.153717 -0.971223
v -0.083518 -0.075174 -0.484981
vn -0.215312 -0.213870 -0.952838
v -0.105003 -0.108941 -0.473724
vn -0.272003 -0.135100 -0.952766
v -0.144348 -0.064260 -0.472269
vn -0.359125 -0.150660 -0.921049
v -0.169864 -0.071370 -0.462447
vn -0.683067 0.039676 -0.729278
v -0.341645 0.017578 -0.362602
vn -0.621009 -0.040257 -0.782769
v -0.314765 -0.017209 -0.385125
vn -0.547546 -0.066108 -0.834160
v -0.270190 -0.026964 -0.416680
vn -0.448501 -0.099728 -0.888201
v -0.230714 -0.047171 -0.438979
vn -0.591721 -0.133142 -0.795072
v -0.294254 -0.060482 -0.396284
vn -0.036171 -0.412157 -0.910394
v -0.029804 -0.207067 -0.452284
vn 0.009294 -0.497413 -0.867464
v 0.014409 -0.255471 -0.427164
vn -0.040878 -0.567867 -0.822104
v -0.021805 -0.289703 -0.405127
vn 0.085455 -0.664194 -0.742660
v 0.037750 -0.334171 -0.368586
vn -0.808161 -0.585377 0.064882
v -0.403707 -0.291346 0.021401
vn -0.943912 -0.305042 -0.126412
v -0.468887 -0.151765 -0.071852
vn -0.956140 -0.212227 -0.201879
v -0.477005 -0.105853 -0.097870
vn -0.917209 -0.328186 -0.225880
v -0.459648 -0.161298 -0.103778
vn -0.919389 -0.386824 -0.071352
v -0.457869 -0.192942 -0.032442
vn -0.896288 -0.443008 -0.020303
v -0.444643 -0.223619 -0.012174
vn -0.873258 -0.150761 -0.463348
v -0.435798 -0.080217 -0.226599
vn -0.856342 -0.064321 -0.512389
v -0.420201 -0.037621 -0.263315
vn -0.360937 -0.925198 -0.117190
v -0.181006 -0.460833 -0.062688
vn -0.164463 -0.956571 -0.240676
v -0.082377 -0.477442 -0.121385
vn -0.237463 -0.947395 -0.214603
v -0.113390 -0.474853 -0.104225
vn -0.591464 -0.805863 0.027492
v -0.293359 -0.403561 0.010277
vn -0.672132 -0.738870 0.048065
v -0.331227 -0.371747 0.023753
vn -0.550785 -0.832274 -0.062899
v -0.273544 -0.415654 -0.034786
vn -0.046880 -0.855802 -0.515175
v -0.022235 -0.430531 -0.251431
vn -0.035991 -0.800774 -0.597885
v -0.013917 -0.403523 -0.293087
vn -0.149817 -0.929884 -0.335962
v -0.076467 -0.464456 -0.165957
vn -0.215563 -0.885997 -0.410539
v -0.112032 -0.441788 -0.203811
vn -0.085524 -0.903524 -0.419918
v -0.042519 -0.451028 -0.210088
vn -0.155075 -0.278345 -0.947880
v -0.058920 -0.144644 -0.473340
vn -0.294925 -0.213169 -0.931439
v -0.145223 -0.119449 -0.461157
vn -0.795476 -0.048635 -0.604030
v -0.400485 -0.025249 -0.295576
vn -0.675511 -0.121660 -0.727244
v -0.339520 -0.068538 -0.358368
vn -0.511410 -0.190431 -0.837971
v -0.250354 -0.100230 -0.419217
vn -0.578865 -0.205222 -0.789176
v -0.274493 -0.107499 -0.400490
vn -0.409956 -0.202040 -0.889447
v -0.204116 -0.093429 -0.443856
vn -0.167159 -0.398319 -0.901887
v -0.080275 -0.200965 -0.448351
vn -0.059080 -0.658634 -0.750141
v -0.033006 -0.325435 -0.376546
vn -0.197308 -0.638595 -0.743819
v -0.095911 -0.322451 -0.368159
vn -0.157716 -0.578505 -0.800286
v -0.085435 -0.284420 -0.400147
vn -0.061430 -0.740121 -0.669662
v -0.029311 -0.372716 -0.329688
vn -0.144530 -0.710651 -0.688539
v -0.077861 -0.355653 -0.340634
vn -0.873735 -0.240714 -0.422664
v -0.435983 -0.125570 -0.205598
vn -0.866112 -0.423841 -0.264968
v -0.429425 -0.217229 -0.127938
vn -0.896257 -0.409454 -0.170503
v -0.447450 -0.203377 -0.082795
vn -0.821108 -0.559225 -0.114230
v -0.408802 -0.279141 -0.056914
vn -0.818489 -0.157254 -0.552582
v -0.400866 -0.077755 -0.286004
vn -0.420720 -0.891887 -0.165927
v -0.205600 -0.447098 -0.082448
vn -0.342383 -0.912508 -0.223837
v -0.168569 -0.455779 -0.114328
vn -0.733938 -0.678979 0.017952
v -0.364007 -0.340565 0.009509
vn -0.136376 -0.816516 -0.560985
v -0.061214 -0.407040 -0.281780
vn -0.141728 -0.767885 -0.624713
v -0.067923 -0.385144 -0.309521
vn -0.329142 -0.858787 -0.392619
v -0.161690 -0.427865 -0.199578
vn -0.355925 -0.270647 -0.894465
v -0.168827 -0.133902 -0.448623
vn -0.668403 -0.200343 -0.716310
v -0.331593 -0.105234 -0.357090
vn -0.747243 -0.154815 -0.646266
v -0.379159 -0.076102 -0.313144
vn -0.468849 -0.315338 -0.825071
v -0.226717 -0.163560 -0.412839
vn -0.545896 -0.277743 -0.790478
v -0.262515 -0.141406 -0.398230
vn -0.614607 -0.253380 -0.747032
v -0.319231 -0.121761 -0.362924
vn -0.587018 -0.329002 -0.739708
v -0.298376 -0.164955 -0.363260
vn -0.230592 -0.470351 -0.851820
v -0.117316 -0.242365 -0.419369
vn -0.294566 -0.627942 -0.720361
v -0.146386 -0.313059 -0.359369
vn -0.889019 -0.351544 -0.293363
v -0.440253 -0.179149 -0.147279
vn -0.888440 -0.293721 -0.352708
v -0.439882 -0.148150 -0.180230
vn -0.840311 -0.386222 -0.380408
v -0.420300 -0.189881 -0.188742
vn -0.834392 -0.317262 -0.450705
v -0.419603 -0.154946 -0.219220
vn -0.873377 -0.473921 -0.112299
v -0.433680 -0.236817 -0.063980
vn -0.723505 -0.670206 -0.165425
v -0.359273 -0.336632 -0.079908
vn -0.731062 -0.679376 -0.063216
v -0.360773 -0.342518 -0.031573
vn -0.679126 -0.722623 -0.128857
v -0.343738 -0.354402 -0.069556
vn -0.785424 -0.238556 -0.571139
v -0.391905 -0.118858 -0.283769
vn -0.731411 -0.256277 -0.631950
v -0.368615 -0.131107 -0.307335
vn -0.453276 -0.856440 -0.247085
v -0.228049 -0.425365 -0.127477
vn -0.374309 -0.873996 -0.309877
v -0.186222 -0.437313 -0.151507
vn -0.453110 -0.823946 -0.340301
v -0.230207 -0.411756 -0.163092
vn -0.650826 -0.725532 -0.223671
v -0.320341 -0.367475 -0.105057
vn -0.606990 -0.780540 -0.149399
v -0.302653 -0.389140 -0.077413
vn -0.364624 -0.824753 -0.432240
v -0.180739 -0.411948 -0.215873
vn -0.253149 -0.828960 -0.498739
v -0.118752 -0.415578 -0.249474
vn -0.365222 -0.780041 -0.508084
v -0.182254 -0.390793 -0.250653
vn -0.240034 -0.782976 -0.573875
v -0.122823 -0.391395 -0.283905
vn -0.301555 -0.412122 -0.859779
v -0.154843 -0.212735 -0.423061
vn -0.334527 -0.343391 -0.877596
v -0.155547 -0.172517 -0.440165
vn -0.677903 -0.293812 -0.673886
v -0.335637 -0.135577 -0.341825
vn -0.542085 -0.385148 -0.746864
v -0.269201 -0.194334 -0.370888
vn -0.270549 -0.545390 -0.793318
v -0.129411 -0.268203 -0.399608
vn -0.364888 -0.465345 -0.806418
v -0.177996 -0.230875 -0.403623
vn -0.250123 -0.707066 -0.661435
v -0.125364 -0.353013 -0.329487
vn -0.354953 -0.590995 -0.724385
v -0.173449 -0.293183 -0.363708
vn -0.816317 -0.471354 -0.333844
v -0.403278 -0.235282 -0.174220
vn -0.778761 -0.391132 -0.490456
v -0.379455 -0.204649 -0.249365
vn -0.792975 -0.315550 -0.521170
v -0.385958 -0.163326 -0.268535
vn -0.695816 -0.333848 -0.635913
v -0.349916 -0.169123 -0.310737
vn -0.762349 -0.611464 -0.211980
v -0.376864 -0.307899 -0.107743
vn -0.692071 -0.672802 -0.261485
v -0.342476 -0.336308 -0.133902
vn -0.549782 -0.753712 -0.360081
v -0.275332 -0.372723 -0.184402
vn -0.468179 -0.742532 -0.479014
v -0.236654 -0.374317 -0.229263
vn -0.330363 -0.733558 -0.593931
v -0.157383 -0.366515 -0.300028
vn -0.421053 -0.720656 -0.550790
v -0.213864 -0.355912 -0.275924
vn -0.393118 -0.662006 -0.638128
v -0.196502 -0.333153 -0.314799
vn -0.469629 -0.488270 -0.735555
v -0.222868 -0.248026 -0.370666
vn -0.408811 -0.537076 -0.737850
v -0.210404 -0.266908 -0.365332
vn -0.615948 -0.392121 -0.683264
v -0.308692 -0.199784 -0.336241
vn -0.671635 -0.414984 -0.613754
v -0.329665 -0.205834 -0.311382
vn -0.652101 -0.469817 -0.595009
v -0.323262 -0.227833 -0.301995
vn -0.772650 -0.455179 -0.442521
v -0.383557 -0.226391 -0.222639
vn -0.754148 -0.534915 -0.380954
v -0.382899 -0.259481 -0.186079
vn -0.713140 -0.450787 -0.536863
v -0.358911 -0.227999 -0.259650
vn -0.650583 -0.519079 -0.554345
v -0.330337 -0.257244 -0.269783
vn -0.703401 -0.531095 -0.472404
v -0.345592 -0.265818 -0.241691
vn -0.717043 -0.618565 -0.321288
v -0.351910 -0.313027 -0.162860
vn -0.634636 -0.697581 -0.332592
v -0.316281 -0.345939 -0.170147
vn -0.565478 -0.702606 -0.431948
v -0.282391 -0.351732 -0.212810
vn -0.497250 -0.685249 -0.532143
v -0.242859 -0.347344 -0.262667
vn -0.441300 -0.601439 -0.665977
v -0.218319 -0.301298 -0.331323
vn -0.601322 -0.525506 -0.601876
v -0.288724 -0.263609 -0.309003
vn -0.604438 -0.618495 -0.502113
v -0.306943 -0.308778 -0.243928
vn -0.582069 -0.582429 -0.567426
v -0.292557 -0.295652 -0.274126
# 1302 vertices, 0 vertices normals

f 252//252 253//253 254//254
f 1//1 253//253 256//256
f 257//257 1//1 264//264
f 3//3 2//2 267//267
f 265//265 256//256 262//262
f 4//4 260//260 263//263
f 257//257 277//277 278//278
f 267//267 252//252 268//268
f 269//269 267//267 6//6
f 3//3 269//269 283//283
f 273//273 260//260 9//9
f 9//9 270//270 303//303
f 276//276 274//274 289//289
f 280//280 266//266 12//12
f 293//293 5//5 280//280
f 282//282 281//281 13//13
f 302//302 270//270 283//283
f 296//296 272//272 285//285
f 289//289 274//274 311//311
f 12//12 278//278 291//291
f 295//295 280//280 12//12
f 291//291 278//278 11//11
f 305//305 285//285 279//279
f 322//322 294//294 17//17
f 323//323 294//294 295//295
f 298//298 297//297 328//328
f 301//301 7//7 298//298
f 303//303 302//302 19//19
f 309//309 287//287 303//303
f 304//304 285//285 305//305
f 306//306 287//287 308//308
f 340//340 308//308 309//309
f 313//313 10//10 312//312
f 342//342 290//290 20//20
f 317//317 292//292 313//313
f 15//15 291//291 315//315
f 320//320 305//305 321//321
f 17//17 323//323 324//324
f 350//350 323//323 314//314
f 326//326 304//304 353//353
f 327//327 299//299 326//326
f 328//328 300//300 332//332
f 18//18 329//329 330//330
f 332//332 300//300 327//327
f 25//25 353//353 335//335
f 337//337 307//307 336//336
f 20//20 339//339 338//338
f 339//339 307//307 337//337
f 365//365 336//336 340//340
f 343//343 311//311 370//370
f 312//312 311//311 343//343
f 344//344 313//313 312//312
f 26//26 347//347 318//318
f 348//348 319//319 22//22
f 363//363 320//320 321//321
f 28//28 325//325 351//351
f 351//351 324//324 379//379
f 352//352 350//350 373//373
f 355//355 329//329 30//30
f 357//357 356//356 358//358
f 23//23 357//357 32//32
f 369//369 341//341 360//360
f 29//29 353//353 361//361
f 25//25 335//335 363//363
f 371//371 342//342 338//338
f 393//393 338//338 34//34
f 394//394 34//34 35//35
f 392//392 366//366 36//36
f 368//368 36//36 367//367
f 372//372 344//344 37//37
f 345//345 371//371 38//38
f 373//373 26//26 375//375
f 375//375 346//346 376//376
f 376//376 372//372 377//377
f 40//40 22//22 412//412
f 42//42 352//352 382//382
f 415//415 28//28 380//380
f 380//380 351//351 381//381
f 381//381 379//379 42//42
f 43//43 30//30 422//422
f 384//384 330//330 31//31
f 32//32 358//358 427//427
f 386//386 359//359 32//32
f 362//362 33//33 435//435
f 435//435 33//33 391//391
f 395//395 35//35 392//392
f 405//405 371//371 393//393
f 397//397 392//392 368//368
f 37//37 401//401 443//443
f 407//407 372//372 402//402
f 403//403 38//38 404//404
f 445//445 404//404 405//405
f 447//447 399//399 403//403
f 408//408 375//375 409//409
f 411//411 410//410 40//40
f 41//41 378//378 47//47
f 420//420 42//42 416//416
f 416//416 382//382 417//417
f 418//418 415//415 419//419
f 419//419 381//381 421//421
f 422//422 383//383 464//464
f 423//423 422//422 466//466
f 49//49 43//43 423//423
f 472//472 44//44 424//424
f 430//430 428//428 429//429
f 431//431 386//386 430//430
f 477//477 45//45 431//431
f 441//441 387//387 45//45
f 479//479 390//390 436//436
f 436//436 435//435 437//437
f 440//440 438//438 439//439
f 439//439 395//395 50//50
f 50//50 396//396 484//484
f 442//442 400//400 447//447
f 58//58 445//445 446//446
f 491//491 406//406 59//59
f 46//46 409//409 448//448
f 497//497 448//448 449//449
f 451//451 449//449 450//450
f 53//53 47//47 499//499
f 452//452 410//410 411//411
f 453//453 414//414 454//454
f 454//454 413//413 455//455
f 458//458 391//391 459//459
f 54//54 420//420 48//48
f 48//48 417//417 463//463
f 460//460 421//421 462//462
f 418//418 460//460 461//461
f 506//506 54//54 65//65
f 469//469 466//466 467//467
f 470//470 49//49 471//471
f 471//471 468//468 510//510
f 429//429 426//426 516//516
f 522//522 441//441 521//521
f 51//51 441//441 522//522
f 480//480 433//433 479//479
f 467//467 465//465 482//482
f 486//486 50//50 487//487
f 490//490 484//484 488//488
f 442//442 491//491 492//492
f 496//496 444//444 494//494
f 446//446 440//440 527//527
f 526//526 58//58 446//446
f 530//530 491//491 59//59
f 60//60 451//451 496//496
f 451//451 60//60 62//62
f 504//504 53//53 499//499
f 525//525 459//459 504//504
f 64//64 418//418 505//505
f 544//544 506//506 543//543
f 547//547 506//506 544//544
f 68//68 507//507 61//61
f 511//511 554//554 553//553
f 69//69 512//512 558//558
f 515//515 473//473 69//69
f 517//517 476//476 519//519
f 519//519 475//475 520//520
f 550//550 467//467 523//523
f 55//55 483//483 72//72
f 568//568 480//480 55//55
f 574//574 527//527 56//56
f 575//575 487//487 73//73
f 489//489 51//51 565//565
f 528//528 489//489 529//529
f 531//531 492//492 530//530
f 533//533 57//57 74//74
f 75//75 58//58 536//536
f 537//537 495//495 75//75
f 530//530 537//537 586//586
f 538//538 534//534 77//77
f 539//539 498//498 589//589
f 542//542 504//504 500//500
f 592//592 500//500 502//502
f 541//541 67//67 597//597
f 571//571 525//525 542//542
f 543//543 545//545 79//79
f 80//80 507//507 68//68
f 81//81 505//505 546//546
f 547//547 544//544 79//79
f 548//548 547//547 603//603
f 68//68 539//539 604//604
f 551//551 549//549 550//550
f 554//554 549//549 552//552
f 557//557 514//514 556//556
f 558//558 514//514 557//557
f 556//556 513//513 559//559
f 70//70 563//563 564//564
f 565//565 82//82 96//96
f 523//523 478//478 566//566
f 623//623 573//573 574//574
f 580//580 531//531 579//579
f 84//84 74//74 85//85
f 85//85 580//580 581//581
f 583//583 536//536 535//535
f 584//584 75//75 583//583
f 76//76 75//75 584//584
f 86//86 76//76 585//585
f 581//581 586//586 587//587
f 591//591 590//590 588//588
f 588//588 538//538 87//87
f 92//92 590//590 591//591
f 593//593 542//542 594//594
f 89//89 540//540 596//596
f 600//600 545//545 598//598
f 599//599 79//79 600//600
f 641//641 81//81 601//601
f 91//91 603//603 645//645
f 551//551 567//567 605//605
f 94//94 555//555 606//606
f 607//607 555//555 94//94
f 609//609 557//557 608//608
f 610//610 559//559 607//607
f 95//95 608//608 559//559
f 612//612 562//562 561//561
f 564//564 613//613 614//614
f 615//615 564//564 614//614
f 657//657 578//578 96//96
f 98//98 83//83 616//616
f 661//661 570//570 617//617
f 662//662 617//617 618//618
f 621//621 577//577 619//619
f 576//576 577//577 625//625
f 632//632 582//582 84//84
f 668//668 84//84 626//626
f 583//583 624//624 100//100
f 584//584 583//583 100//100
f 587//587 86//86 672//672
f 630//630 588//588 631//631
f 631//631 87//87 101//101
f 633//633 630//630 674//674
f 595//595 592//592 635//635
f 685//685 635//635 88//88
f 640//640 598//598 638//638
f 599//599 103//103 692//692
f 92//92 633//633 634//634
f 643//643 641//641 642//642
f 646//646 645//645 698//698
f 606//606 702//702 703//703
f 647//647 606//606 703//703
f 610//610 607//607 647//647
f 608//608 95//95 651//651
f 95//95 610//610 649//649
f 649//649 610//610 650//650
f 651//651 95//95 710//710
f 714//714 612//612 652//652
f 654//654 614//614 715//715
f 655//655 654//654 656//656
f 657//657 655//655 108//108
f 716//716 657//657 121//121
f 97//97 659//659 719//719
f 98//98 616//616 660//660
f 110//110 659//659 661//661
f 662//662 618//618 683//683
f 110//110 661//661 111//111
f 723//723 623//623 664//664
f 664//664 625//625 665//665
f 724//724 665//665 728//728
f 666//666 716//716 730//730
f 669//669 626//626 670//670
f 671//671 100//100 725//725
f 672//672 628//628 783//783
f 674//674 630//630 675//675
f 675//675 631//631 676//676
f 679//679 634//634 116//116
f 685//685 89//89 686//686
f 686//686 90//90 102//102
f 102//102 643//643 689//689
f 691//691 640//640 690//690
f 692//692 691//691 747//747
f 644//644 104//104 694//694
f 696//696 642//642 695//695
f 700//700 698//698 699//699
f 128//128 696//696 700//700
f 702//702 117//117 754//754
f 703//703 702//702 755//755
f 705//705 647//647 704//704
f 708//708 648//648 758//758
f 709//709 652//652 708//708
f 710//710 649//649 650//650
f 715//715 653//653 120//120
f 121//121 108//108 766//766
f 720//720 683//683 682//682
f 722//722 663//663 133//133
f 726//726 112//112 722//722
f 124//124 724//724 727//727
f 113//113 730//730 778//778
f 729//729 667//667 113//113
f 733//733 668//668 732//732
f 734//734 670//670 114//114
f 783//783 671//671 775//775
f 738//738 678//678 736//736
f 787//787 115//115 739//739
f 742//742 116//116 738//738
f 127//127 680//680 126//126
f 745//745 102//102 746//746
f 746//746 689//689 797//797
f 748//748 694//694 749//749
f 751//751 694//694 748//748
f 798//798 797//797 750//750
f 803//803 699//699 751//751
f 802//802 128//128 752//752
f 754//754 753//753 805//805
f 705//705 757//757 809//809
f 119//119 709//709 708//708
f 812//812 711//711 118//118
f 761//761 714//714 119//119
f 764//764 120//120 815//815
f 805//805 753//753 767//767
f 768//768 767//767 718//718
f 769//769 660//660 122//122
f 823//823 122//122 770//770
f 771//771 769//769 824//824
f 825//825 770//770 721//721
f 773//773 123//123 772//772
f 722//722 133//133 829//829
f 774//774 726//726 830//830
f 778//778 132//132 779//779
f 731//731 779//779 885//885
f 781//781 780//780 782//782
f 782//782 735//735 784//784
f 783//783 775//775 785//785
f 790//790 787//787 739//739
f 791//791 741//741 792//792
f 742//742 789//789 848//848
f 827//827 772//772 743//743
f 745//745 746//746 797//797
f 851//851 794//794 135//135
f 748//748 749//749 854//854
f 136//136 751//751 748//748
f 801//801 750//750 800//800
f 899//899 798//798 801//801
f 802//802 752//752 804//804
f 804//804 803//803 859//859
f 756//756 807//807 808//808
f 139//139 712//712 809//809
f 138//138 129//129 139//139
f 140//140 811//811 759//759
f 141//141 812//812 142//142
f 143//143 760//760 141//141
f 140//140 759//759 143//143
f 815//815 761//761 867//867
f 131//131 130//130 816//816
f 817//817 819//819 818//818
f 835//835 132//132 819//819
f 806//806 768//768 820//820
f 820//820 771//771 822//822
f 872//872 822//822 824//824
f 826//826 721//721 828//828
f 828//828 773//773 827//827
f 829//829 124//124 877//877
f 833//833 727//727 777//777
f 834//834 779//779 835//835
f 882//882 134//134 885//885
f 837//837 836//836 781//781
f 838//838 781//781 786//786
f 842//842 737//737 841//841
f 788//788 842//842 843//843
f 847//847 792//792 846//846
f 848//848 893//893 147//147
f 799//799 793//793 849//849
f 853//853 135//135 852//852
f 857//857 136//136 856//856
f 903//903 801//801 858//858
f 858//858 802//802 137//137
f 859//859 857//857 901//901
f 137//137 804//804 860//860
f 860//860 859//859 861//861
f 808//808 807//807 149//149
f 906//906 149//149 821//821
f 863//863 139//139 862//862
f 913//913 142//142 138//138
f 911//911 138//138 863//863
f 150//150 140//140 864//864
f 813//813 814//814 868//868
f 869//869 818//818 166//166
f 870//870 817//817 869//869
f 169//169 872//872 873//873
f 923//923 872//872 169//169
f 826//826 828//828 874//874
f 874//874 875//875 154//154
f 878//878 829//829 877//877
f 880//880 879//879 881//881
f 888//888 840//840 880//880
f 883//883 833//833 832//832
f 834//834 884//884 930//930
f 932//932 884//884 145//145
f 934//934 837//837 838//838
f 887//887 886//886 888//888
f 889//889 790//790 159//159
f 158//158 147//147 893//893
f 894//894 845//845 146//146
f 894//894 146//146 847//847
f 147//147 158//158 943//943
f 945//945 897//897 853//853
f 175//175 896//896 897//897
f 174//174 899//899 161//161
f 900//900 160//160 947//947
f 901//901 855//855 900//900
f 904//904 161//161 903//903
f 861//861 901//901 948//948
f 163//163 861//861 952//952
f 863//863 862//862 908//908
f 913//913 911//911 960//960
f 956//956 909//909 165//165
f 868//868 150//150 914//914
f 152//152 915//915 966//966
f 917//917 865//865 868//868
f 918//918 866//866 968//968
f 167//167 869//869 166//166
f 932//932 145//145 870//870
f 921//921 906//906 153//153
f 169//169 873//873 168//168
f 922//922 874//874 924//924
f 924//924 154//154 946//946
f 881//881 878//878 926//926
f 937//937 888//888 171//171
f 927//927 883//883 156//156
f 928//928 978//978 929//929
f 986//986 887//887 937//937
f 158//158 173//173 990//990
f 991//991 159//159 894//894
f 940//940 895//895 941//941
f 992//992 941//941 997//997
f 943//943 942//942 944//944
f 945//945 898//898 174//174
f 946//946 896//896 175//175
f 1001//1001 174//174 161//161
f 948//948 947//947 1008//1008
f 950//950 905//905 953//953
f 952//952 948//948 1008//1008
f 954//954 908//908 955//955
f 956//956 165//165 954//954
f 178//178 956//956 961//961
f 960//960 910//910 959//959
f 961//961 956//956 1013//1013
f 967//967 868//868 962//962
f 963//963 914//914 965//965
f 1020//1020 916//916 964//964
f 968//968 917//917 967//967
f 1025//1025 918//918 1024//1024
f 969//969 167//167 1027//1027
f 179//179 921//921 970//970
f 973//973 923//923 180//180
f 971//971 970//970 973//973
f 975//975 946//946 976//976
f 925//925 975//975 977//977
f 171//171 881//881 170//170
f 181//181 937//937 171//171
f 978//978 928//928 979//979
f 980//980 978//978 981//981
f 983//983 927//927 982//982
f 1036//1036 983//983 1035//1035
f 181//181 170//170 1036//1036
f 985//985 936//936 986//986
f 999//999 990//990 185//185
f 991//991 940//940 992//992
f 996//996 939//939 993//993
f 994//994 993//993 992//992
f 995//995 988//988 996//996
f 1000//1000 944//944 999//999
f 976//976 175//175 1002//1002
f 1005//1005 1003//1003 1004//1004
f 1006//1006 953//953 1011//1011
f 1009//1009 164//164 952//952
f 1013//1013 955//955 1012//1012
f 1015//1015 961//961 1018//1018
f 188//188 1016//1016 1065//1065
f 1022//1022 967//967 1019//1019
f 1067//1067 965//965 1021//1021
f 1070//1070 966//966 1020//1020
f 1069//1069 964//964 188//188
f 1025//1025 1024//1024 1026//1026
f 1076//1076 179//179 971//971
f 1028//1028 974//974 1029//1029
f 190//190 1028//1028 1030//1030
f 977//977 976//976 1002//1002
f 981//981 979//979 1041//1041
f 1035//1035 983//983 1034//1034
f 998//998 985//985 1042//1042
f 1091//1091 184//184 1043//1043
f 1044//1044 995//995 1046//1046
f 1045//1045 989//989 1092//1092
f 1046//1046 996//996 1047//1047
f 1047//1047 994//994 1048//1048
f 1050//1050 998//998 1089//1089
f 1009//1009 1008//1008 1000//1000
f 1055//1055 1003//1003 1054//1054
f 1057//1057 1055//1055 1054//1054
f 1005//1005 1007//1007 1061//1061
f 1101//1101 1054//1054 1058//1058
f 1061//1061 1007//1007 1060//1060
f 193//193 1009//1009 1053//1053
f 1062//1062 1010//1010 193//193
f 1109//1109 1103//1103 1062//1062
f 1064//1064 187//187 1063//1063
f 1015//1015 194//194 1111//1111
f 1065//1065 1016//1016 1015//1015
f 1113//1113 188//188 1065//1065
f 1026//1026 1023//1023 1066//1066
f 1116//1116 1067//1067 1021//1021
f 1071//1071 1069//1069 1113//1113
f 195//195 1021//1021 1070//1070
f 1072//1072 1027//1027 1073//1073
f 1080//1080 1077//1077 1079//1079
f 1081//1081 1078//1078 1082//1082
f 1091//1091 1043//1043 1037//1037
f 1084//1084 1041//1041 198//198
f 198//198 1041//1041 1088//1088
f 1087//1087 1036//1036 1086//1086
f 1130//1130 191//191 1072//1072
f 1089//1089 1042//1042 1090//1090
f 1052//1052 192//192 1094//1094
f 1094//1094 1093//1093 1136//1136
f 1135//1135 1095//1095 1140//1140
f 1097//1097 1050//1050 1098//1098
f 1100//1100 1051//1051 1099//1099
f 1106//1106 1101//1101 1102//1102
f 1105//1105 1061//1061 1104//1104
f 193//193 1100//1100 1107//1107
f 204//204 1062//1062 1108//1108
f 1063//1063 1076//1076 1121//1121
f 1112//1112 1065//1065 1111//1111
f 1119//1119 1074//1074 1114//1114
f 1115//1115 1068//1068 1116//1116
f 1150//1150 1116//1116 196//196
f 1117//1117 1113//1113 206//206
f 196//196 1071//1071 1153//1153
f 211//211 1132//1132 1118//1118
f 1121//1121 1075//1075 207//207
f 208//208 197//197 1157//1157
f 1124//1124 1123//1123 1158//1158
f 219//219 1122//1122 1124//1124
f 1134//1134 1091//1091 1125//1125
f 1126//1126 198//198 1127//1127
f 1127//1127 1088//1088 1163//1163
f 1128//1128 1126//1126 210//210
f 1136//1136 1093//1093 1135//1135
f 1137//1137 201//201 1138//1138
f 1139//1139 1096//1096 1141//1141
f 1107//1107 1100//1100 1142//1142
f 203//203 1109//1109 1147//1147
f 215//215 1108//1108 1178//1178
f 1146//1146 204//204 215//215
f 216//216 1121//1121 1155//1155
f 205//205 1110//1110 1148//1148
f 206//206 1112//1112 205//205
f 1151//1151 1150//1150 1154//1154
f 1152//1152 1117//1117 217//217
f 1169//1169 211//211 1120//1120
f 1149//1149 1150//1150 1151//1151
f 1169//1169 1120//1120 1149//1149
f 1156//1156 1155//1155 207//207
f 207//207 208//208 1157//1157
f 1158//1158 1143//1143 1159//1159
f 220//220 1134//1134 1161//1161
f 1164//1164 210//210 1162//1162
f 1165//1165 1164//1164 1199//1199
f 221//221 1136//1136 1171//1171
f 1137//1137 1172//1172 1205//1205
f 1204//1204 1145//1145 1137//1137
f 222//222 1141//1141 1173//1173
f 1171//1171 1140//1140 1174//1174
f 215//215 1178//1178 1211//1211
f 1213//1213 1146//1146 215//215
f 1209//1209 1175//1175 1213//1213
f 1182//1182 1148//1148 1179//1179
f 1189//1189 217//217 1181//1181
f 1214//1214 1179//1179 1156//1156
f 209//209 219//219 1192//1192
f 1192//1192 219//219 1193//1193
f 1222//1222 1160//1160 1194//1194
f 1196//1196 1162//1162 1197//1197
f 226//226 1197//1197 227//227
f 1199//1199 1196//1196 1229//1229
f 1200//1200 1166//1166 1165//1165
f 1195//1195 228//228 229//229
f 227//227 1167//1167 1201//1201
f 1202//1202 1169//1169 1216//1216
f 1203//1203 221//221 223//223
f 1205//1205 1172//1172 1233//1233
f 1208//1208 1171//1171 1206//1206
f 1210//1210 1176//1176 1209//1209
f 1211//1211 1204//1204 230//230
f 1235//1235 1209//1209 233//233
f 1220//1220 1189//1189 1185//1185
f 1215//1215 1183//1183 234//234
f 225//225 1187//1187 1217//1217
f 1214//1214 1156//1156 1221//1221
f 236//236 235//235 1193//1193
f 1224//1224 1222//1222 1223//1223
f 1226//1226 1222//1222 1225//1225
f 1229//1229 1198//1198 1228//1228
f 1253//1253 229//229 237//237
f 238//238 1227//1227 1201//1201
f 1240//1240 1231//1231 1216//1216
f 1232//1232 232//232 1257//1257
f 231//231 1207//1207 1234//1234
f 1236//1236 1210//1210 1235//1235
f 1212//1212 230//230 1237//1237
f 1265//1265 1235//1235 1263//1263
f 1238//1238 239//239 1267//1267
f 1239//1239 1219//1219 1243//1243
f 1241//1241 1238//1238 240//240
f 1243//1243 1242//1242 1244//1244
f 1270//1270 1224//1224 1223//1223
f 1248//1248 1227//1227 1250//1250
f 1249//1249 1247//1247 1248//1248
f 1251//1251 1229//1229 241//241
f 1254//1254 231//231 1253//1253
f 1276//1276 238//238 1255//1255
f 1255//1255 1240//1240 1256//1256
f 1259//1259 1257//1257 243//243
f 1258//1258 1257//1257 1259//1259
f 1263//1263 1237//1237 1262//1262
f 1266//1266 1221//1221 1245//1245
f 245//245 1241//1241 240//240
f 240//240 1266//1266 1271//1271
f 1277//1277 1268//1268 1287//1287
f 1271//1271 1245//1245 1270//1270
f 1249//1249 1250//1250 1275//1275
f 246//246 1275//1275 1276//1276
f 246//246 1256//1256 1277//1277
f 247//247 1274//1274 1291//1291
f 1278//1278 241//241 247//247
f 1279//1279 1260//1260 1252//1252
f 1296//1296 1280//1280 243//243
f 1281//1281 244//244 1297//1297
f 1264//1264 1281//1281 1283//1283
f 1285//1285 1271//1271 1286//1286
f 1287//1287 245//245 248//248
f 1292//1292 246//246 1288//1288
f 1291//1291 1274//1274 1290//1290
f 1294//1294 1290//1290 1292//1292
f 1295//1295 1291//1291 249//249
f 1279//1279 1278//1278 1295//1295
f 250//250 1299//1299 1284//1284
f 1284//1284 1283//1283 1298//1298
f 1300//1300 248//248 251//251
f 251//251 1286//1286 1299//1299
f 1293//1293 1289//1289 1300//1300
f 249//249 1294//1294 1301//1301
f 1301//1301 1293//1293 1302//1302
f 1301//1301 1297//1297 249//249
f 250//250 1298//1298 1301//1301
f 254//254 253//253 1//1
f 252//252 2//2 255//255
f 252//252 255//255 253//253
f 262//262 253//253 255//255
f 256//256 253//253 262//262
f 258//258 1//1 257//257
f 258//258 254//254 1//1
f 267//267 2//2 252//252
f 270//270 2//2 3//3
f 270//270 261//261 2//2
f 261//261 255//255 2//2
f 268//268 252//252 259//259
f 259//259 252//252 254//254
f 260//260 262//262 255//255
f 261//261 260//260 255//255
f 4//4 265//265 262//262
f 265//265 1//1 256//256
f 4//4 262//262 260//260
f 276//276 264//264 265//265
f 264//264 1//1 265//265
f 277//277 257//257 264//264
f 277//277 264//264 276//276
f 266//266 257//257 278//278
f 266//266 258//258 257//257
f 271//271 268//268 259//259
f 5//5 259//259 254//254
f 5//5 254//254 258//258
f 5//5 271//271 259//259
f 280//280 5//5 266//266
f 266//266 5//5 258//258
f 6//6 267//267 268//268
f 269//269 3//3 267//267
f 283//283 270//270 3//3
f 283//283 269//269 7//7
f 8//8 272//272 271//271
f 272//272 268//268 271//271
f 273//273 263//263 260//260
f 9//9 260//260 261//261
f 9//9 261//261 270//270
f 274//274 276//276 265//265
f 274//274 265//265 4//4
f 274//274 4//4 275//275
f 275//275 4//4 263//263
f 10//10 276//276 289//289
f 10//10 277//277 276//276
f 11//11 277//277 10//10
f 11//11 278//278 277//277
f 12//12 266//266 278//278
f 279//279 8//8 5//5
f 8//8 271//271 5//5
f 293//293 279//279 5//5
f 294//294 293//293 280//280
f 281//281 6//6 268//268
f 281//281 268//268 272//272
f 281//281 269//269 6//6
f 282//282 7//7 269//269
f 299//299 297//297 282//282
f 282//282 297//297 7//7
f 299//299 282//282 13//13
f 282//282 269//269 281//281
f 284//284 283//283 7//7
f 302//302 283//283 284//284
f 303//303 270//270 302//302
f 285//285 272//272 8//8
f 296//296 13//13 281//281
f 296//296 281//281 272//272
f 285//285 8//8 279//279
f 286//286 263//263 273//273
f 287//287 9//9 303//303
f 287//287 273//273 9//9
f 290//290 275//275 263//263
f 290//290 274//274 275//275
f 288//288 274//274 290//290
f 311//311 274//274 288//288
f 290//290 263//263 286//286
f 313//313 292//292 10//10
f 292//292 11//11 10//10
f 15//15 12//12 291//291
f 15//15 295//295 12//12
f 295//295 294//294 280//280
f 316//316 11//11 292//292
f 316//316 291//291 11//11
f 293//293 16//16 279//279
f 305//305 279//279 16//16
f 322//322 293//293 294//294
f 323//323 295//295 15//15
f 323//323 17//17 294//294
f 326//326 13//13 296//296
f 300//300 297//297 299//299
f 18//18 298//298 328//328
f 328//328 297//297 300//300
f 301//301 298//298 18//18
f 301//301 284//284 7//7
f 298//298 7//7 297//297
f 299//299 13//13 326//326
f 357//357 284//284 301//301
f 333//333 302//302 284//284
f 333//333 284//284 357//357
f 19//19 302//302 333//333
f 19//19 309//309 303//303
f 304//304 326//326 296//296
f 304//304 296//296 285//285
f 320//320 304//304 305//305
f 306//306 273//273 287//287
f 306//306 14//14 286//286
f 306//306 286//286 273//273
f 14//14 290//290 286//286
f 307//307 14//14 306//306
f 309//309 308//308 287//287
f 342//342 288//288 290//290
f 310//310 288//288 342//342
f 311//311 288//288 310//310
f 312//312 289//289 311//311
f 312//312 10//10 289//289
f 20//20 290//290 14//14
f 317//317 316//316 292//292
f 347//347 15//15 315//315
f 347//347 314//314 15//15
f 314//314 323//323 15//15
f 315//315 291//291 316//316
f 21//21 316//316 317//317
f 21//21 318//318 316//316
f 318//318 315//315 316//316
f 319//319 293//293 322//322
f 319//319 16//16 293//293
f 27//27 16//16 319//319
f 321//321 305//305 16//16
f 22//22 319//319 322//322
f 325//325 17//17 324//324
f 325//325 322//322 17//17
f 28//28 22//22 325//325
f 22//22 322//322 325//325
f 350//350 314//314 347//347
f 350//350 324//324 323//323
f 353//353 327//327 326//326
f 329//329 328//328 332//332
f 329//329 18//18 328//328
f 331//331 301//301 18//18
f 331//331 357//357 301//301
f 327//327 300//300 299//299
f 23//23 333//333 357//357
f 24//24 333//333 23//23
f 24//24 19//19 333//333
f 334//334 309//309 19//19
f 334//334 19//19 24//24
f 335//335 353//353 304//304
f 335//335 304//304 320//320
f 363//363 335//335 320//320
f 336//336 306//306 308//308
f 336//336 308//308 340//340
f 365//365 337//337 336//336
f 336//336 307//307 306//306
f 339//339 14//14 307//307
f 342//342 20//20 338//338
f 20//20 14//14 339//339
f 366//366 365//365 340//340
f 341//341 366//366 340//340
f 341//341 340//340 309//309
f 341//341 309//309 334//334
f 370//370 311//311 310//310
f 344//344 312//312 343//343
f 344//344 317//317 313//313
f 371//371 345//345 342//342
f 345//345 310//310 342//342
f 346//346 317//317 344//344
f 346//346 21//21 317//317
f 26//26 373//373 347//347
f 373//373 350//350 347//347
f 26//26 318//318 21//21
f 318//318 347//347 315//315
f 346//346 26//26 21//21
f 348//348 27//27 319//319
f 349//349 321//321 16//16
f 349//349 16//16 27//27
f 364//364 363//363 321//321
f 364//364 321//321 349//349
f 324//324 350//350 352//352
f 381//381 351//351 379//379
f 351//351 325//325 324//324
f 374//374 352//352 373//373
f 29//29 327//327 353//353
f 30//30 329//329 332//332
f 354//354 332//332 327//327
f 354//354 30//30 332//332
f 354//354 327//327 29//29
f 330//330 329//329 355//355
f 330//330 355//355 31//31
f 356//356 18//18 330//330
f 356//356 330//330 384//384
f 356//356 331//331 18//18
f 32//32 357//357 358//358
f 357//357 331//331 356//356
f 359//359 24//24 23//23
f 359//359 334//334 24//24
f 360//360 334//334 359//359
f 360//360 341//341 334//334
f 361//361 353//353 25//25
f 362//362 361//361 25//25
f 362//362 25//25 363//363
f 33//33 362//362 363//363
f 33//33 363//363 364//364
f 392//392 365//365 366//366
f 392//392 35//35 365//365
f 35//35 337//337 365//365
f 34//34 339//339 337//337
f 34//34 338//338 339//339
f 35//35 34//34 337//337
f 367//367 366//366 341//341
f 367//367 36//36 366//366
f 367//367 341//341 369//369
f 399//399 310//310 345//345
f 399//399 370//370 310//310
f 400//400 343//343 370//370
f 400//400 370//370 399//399
f 401//401 343//343 400//400
f 401//401 344//344 343//343
f 37//37 344//344 401//401
f 372//372 346//346 344//344
f 403//403 399//399 345//345
f 403//403 345//345 38//38
f 374//374 373//373 375//375
f 375//375 26//26 346//346
f 376//376 346//346 372//372
f 39//39 349//349 27//27
f 40//40 27//27 348//348
f 40//40 39//39 27//27
f 414//414 40//40 412//412
f 40//40 348//348 22//22
f 412//412 22//22 28//28
f 378//378 364//364 349//349
f 378//378 349//349 39//39
f 41//41 33//33 364//364
f 41//41 364//364 378//378
f 379//379 324//324 352//352
f 382//382 352//352 374//374
f 42//42 379//379 352//352
f 380//380 28//28 351//351
f 419//419 380//380 381//381
f 419//419 415//415 380//380
f 420//420 381//381 42//42
f 408//408 382//382 374//374
f 388//388 29//29 361//361
f 43//43 355//355 30//30
f 383//383 422//422 354//354
f 354//354 422//422 30//30
f 383//383 354//354 29//29
f 383//383 29//29 388//388
f 43//43 31//31 355//355
f 44//44 356//356 384//384
f 385//385 356//356 44//44
f 425//425 358//358 385//385
f 385//385 358//358 356//356
f 427//427 358//358 425//425
f 32//32 359//359 23//23
f 431//431 360//360 386//386
f 360//360 359//359 386//386
f 431//431 369//369 360//360
f 45//45 387//387 369//369
f 387//387 367//367 369//369
f 45//45 369//369 431//431
f 432//432 388//388 389//389
f 389//389 388//388 361//361
f 479//479 432//432 389//389
f 390//390 361//361 362//362
f 390//390 479//479 389//389
f 390//390 389//389 361//361
f 391//391 33//33 41//41
f 396//396 395//395 392//392
f 405//405 38//38 371//371
f 393//393 371//371 338//338
f 394//394 393//393 34//34
f 395//395 394//394 35//35
f 50//50 395//395 396//396
f 397//397 396//396 392//392
f 368//368 392//392 36//36
f 398//398 368//368 387//387
f 387//387 368//368 367//367
f 398//398 397//397 368//368
f 447//447 400//400 399//399
f 443//443 401//401 400//400
f 402//402 37//37 443//443
f 402//402 372//372 37//37
f 405//405 404//404 38//38
f 438//438 405//405 393//393
f 447//447 403//403 406//406
f 406//406 403//403 404//404
f 407//407 377//377 372//372
f 46//46 408//408 409//409
f 408//408 374//374 375//375
f 449//449 409//409 376//376
f 376//376 409//409 375//375
f 449//449 376//376 377//377
f 450//450 377//377 407//407
f 450//450 449//449 377//377
f 47//47 378//378 410//410
f 410//410 378//378 39//39
f 410//410 39//39 40//40
f 453//453 40//40 414//414
f 453//453 411//411 40//40
f 413//413 412//412 28//28
f 413//413 414//414 412//412
f 53//53 41//41 47//47
f 457//457 41//41 53//53
f 457//457 391//391 41//41
f 413//413 28//28 415//415
f 416//416 42//42 382//382
f 48//48 416//416 417//417
f 417//417 382//382 408//408
f 460//460 418//418 419//419
f 421//421 381//381 420//420
f 421//421 460//460 419//419
f 421//421 420//420 54//54
f 46//46 417//417 408//408
f 464//464 388//388 434//434
f 434//434 388//388 432//432
f 464//464 383//383 388//388
f 465//465 422//422 464//464
f 466//466 422//422 465//465
f 423//423 43//43 422//422
f 468//468 49//49 423//423
f 49//49 31//31 43//43
f 424//424 384//384 31//31
f 49//49 424//424 31//31
f 424//424 44//44 384//384
f 385//385 44//44 472//472
f 426//426 425//425 385//385
f 428//428 32//32 427//427
f 427//427 425//425 426//426
f 428//428 386//386 32//32
f 430//430 386//386 428//428
f 429//429 428//428 427//427
f 429//429 427//427 426//426
f 476//476 430//430 474//474
f 474//474 430//430 429//429
f 476//476 431//431 430//430
f 477//477 431//431 476//476
f 441//441 45//45 477//477
f 441//441 398//398 387//387
f 434//434 432//432 433//433
f 436//436 362//362 435//435
f 481//481 479//479 436//436
f 436//436 390//390 362//362
f 479//479 433//433 432//432
f 437//437 435//435 391//391
f 484//484 396//396 397//397
f 439//439 393//393 394//394
f 485//485 440//440 439//439
f 439//439 438//438 393//393
f 485//485 439//439 50//50
f 439//439 394//394 395//395
f 51//51 398//398 441//441
f 488//488 397//397 398//398
f 488//488 398//398 51//51
f 488//488 484//484 397//397
f 442//442 443//443 400//400
f 493//493 443//443 442//442
f 52//52 402//402 443//443
f 52//52 443//443 493//493
f 52//52 407//407 402//402
f 444//444 407//407 52//52
f 406//406 404//404 445//445
f 446//446 405//405 438//438
f 446//446 445//445 405//405
f 491//491 447//447 406//406
f 59//59 406//406 445//445
f 496//496 450//450 444//444
f 444//444 450//450 407//407
f 448//448 409//409 449//449
f 448//448 417//417 46//46
f 451//451 450//450 496//496
f 451//451 497//497 449//449
f 452//452 47//47 410//410
f 452//452 499//499 47//47
f 453//453 501//501 411//411
f 501//501 452//452 411//411
f 456//456 453//453 454//454
f 454//454 414//414 413//413
f 455//455 413//413 415//415
f 455//455 456//456 454//454
f 459//459 457//457 53//53
f 458//458 437//437 391//391
f 459//459 391//391 457//457
f 418//418 455//455 415//415
f 48//48 420//420 416//416
f 66//66 48//48 463//463
f 66//66 54//54 48//48
f 461//461 460//460 462//462
f 506//506 421//421 54//54
f 508//508 462//462 506//506
f 462//462 421//421 506//506
f 463//463 417//417 448//448
f 467//467 466//466 465//465
f 469//469 468//468 423//423
f 469//469 423//423 466//466
f 511//511 468//468 469//469
f 512//512 424//424 470//470
f 470//470 424//424 49//49
f 471//471 49//49 468//468
f 510//510 468//468 511//511
f 473//473 472//472 512//512
f 472//472 424//424 512//512
f 473//473 385//385 472//472
f 473//473 426//426 385//385
f 475//475 429//429 516//516
f 474//474 429//429 475//475
f 517//517 477//477 476//476
f 521//521 477//477 517//517
f 521//521 441//441 477//477
f 478//478 434//434 433//433
f 480//480 478//478 433//433
f 481//481 480//480 479//479
f 481//481 436//436 437//437
f 482//482 434//434 478//478
f 482//482 464//464 434//434
f 482//482 465//465 464//464
f 458//458 483//483 437//437
f 55//55 480//480 481//481
f 55//55 481//481 483//483
f 481//481 437//437 483//483
f 440//440 446//446 438//438
f 56//56 440//440 485//485
f 486//486 56//56 485//485
f 486//486 485//485 50//50
f 487//487 50//50 484//484
f 487//487 484//484 490//490
f 71//71 51//51 522//522
f 489//489 488//488 51//51
f 489//489 490//490 488//488
f 491//491 442//442 447//447
f 492//492 493//493 442//442
f 532//532 52//52 493//493
f 57//57 52//52 532//532
f 57//57 494//494 52//52
f 494//494 444//444 52//52
f 495//495 445//445 58//58
f 59//59 445//445 495//495
f 526//526 446//446 527//527
f 537//537 530//530 59//59
f 61//61 448//448 497//497
f 61//61 463//463 448//448
f 498//498 497//497 451//451
f 498//498 61//61 497//497
f 62//62 498//498 451//451
f 504//504 459//459 53//53
f 501//501 499//499 452//452
f 501//501 500//500 499//499
f 500//500 504//504 499//499
f 502//502 501//501 453//453
f 503//503 502//502 456//456
f 456//456 502//502 453//453
f 503//503 456//456 63//63
f 63//63 456//456 455//455
f 525//525 458//458 459//459
f 505//505 418//418 461//461
f 64//64 63//63 455//455
f 64//64 455//455 418//418
f 66//66 65//65 54//54
f 507//507 66//66 463//463
f 546//546 461//461 508//508
f 461//461 462//462 508//508
f 505//505 461//461 546//546
f 67//67 64//64 505//505
f 543//543 506//506 65//65
f 547//547 508//508 506//506
f 547//547 548//548 508//508
f 548//548 546//546 508//508
f 61//61 507//507 463//463
f 549//549 467//467 550//550
f 549//549 509//509 467//467
f 509//509 469//469 467//467
f 554//554 511//511 469//469
f 554//554 469//469 509//509
f 510//510 511//511 553//553
f 514//514 512//512 470//470
f 514//514 470//470 471//471
f 514//514 471//471 510//510
f 558//558 512//512 514//514
f 513//513 514//514 510//510
f 69//69 473//473 512//512
f 515//515 426//426 473//473
f 515//515 516//516 426//426
f 518//518 517//517 519//519
f 519//519 476//476 474//474
f 520//520 518//518 519//519
f 519//519 474//474 475//475
f 520//520 475//475 516//516
f 70//70 521//521 517//517
f 70//70 517//517 563//563
f 563//563 517//517 518//518
f 71//71 521//521 70//70
f 71//71 522//522 521//521
f 565//565 51//51 71//71
f 523//523 482//482 478//478
f 523//523 467//467 482//482
f 568//568 524//524 480//480
f 524//524 566//566 478//478
f 524//524 478//478 480//480
f 569//569 55//55 72//72
f 72//72 483//483 458//458
f 571//571 72//72 525//525
f 72//72 458//458 525//525
f 572//572 55//55 569//569
f 572//572 568//568 55//55
f 73//73 490//490 528//528
f 528//528 490//490 489//489
f 73//73 487//487 490//490
f 573//573 526//526 527//527
f 527//527 440//440 56//56
f 575//575 56//56 486//486
f 575//575 486//486 487//487
f 529//529 489//489 565//565
f 579//579 531//531 530//530
f 530//530 492//492 491//491
f 532//532 492//492 531//531
f 532//532 493//493 492//492
f 533//533 494//494 57//57
f 534//534 494//494 533//533
f 534//534 60//60 496//496
f 534//534 496//496 494//494
f 536//536 58//58 526//526
f 536//536 526//526 535//535
f 535//535 526//526 573//573
f 583//583 75//75 536//536
f 75//75 495//495 58//58
f 537//537 59//59 495//495
f 76//76 537//537 75//75
f 579//579 530//530 586//586
f 586//586 537//537 76//76
f 538//538 62//62 60//60
f 538//538 60//60 534//534
f 539//539 68//68 61//61
f 539//539 61//61 498//498
f 589//589 498//498 62//62
f 590//590 62//62 538//538
f 590//590 589//589 62//62
f 542//542 525//525 504//504
f 78//78 592//592 502//502
f 502//502 500//500 501//501
f 78//78 502//502 503//503
f 540//540 78//78 503//503
f 540//540 503//503 63//63
f 541//541 540//540 63//63
f 541//541 63//63 64//64
f 541//541 64//64 67//67
f 593//593 571//571 542//542
f 545//545 65//65 66//66
f 543//543 65//65 545//545
f 79//79 544//544 543//543
f 80//80 66//66 507//507
f 80//80 545//545 66//66
f 81//81 67//67 505//505
f 597//597 67//67 81//81
f 603//603 547//547 79//79
f 601//601 548//548 603//603
f 604//604 539//539 589//589
f 604//604 80//80 68//68
f 551//551 550//550 567//567
f 567//567 550//550 523//523
f 551//551 552//552 549//549
f 554//554 509//509 549//549
f 555//555 553//553 554//554
f 555//555 554//554 552//552
f 553//553 513//513 510//510
f 556//556 514//514 513//513
f 607//607 513//513 553//553
f 559//559 513//513 607//607
f 560//560 69//69 558//558
f 560//560 515//515 69//69
f 561//561 516//516 515//515
f 561//561 515//515 560//560
f 612//612 520//520 562//562
f 562//562 520//520 516//516
f 562//562 516//516 561//561
f 613//613 563//563 518//518
f 613//613 518//518 520//520
f 613//613 520//520 612//612
f 82//82 71//71 70//70
f 82//82 70//70 564//564
f 82//82 565//565 71//71
f 605//605 523//523 566//566
f 605//605 567//567 523//523
f 568//568 566//566 524//524
f 97//97 569//569 570//570
f 570//570 569//569 72//72
f 570//570 72//72 571//571
f 593//593 570//570 571//571
f 83//83 568//568 572//572
f 619//619 73//73 528//528
f 619//619 528//528 529//529
f 535//535 573//573 622//622
f 623//623 622//622 573//573
f 574//574 573//573 527//527
f 576//576 56//56 575//575
f 576//576 574//574 56//56
f 577//577 575//575 73//73
f 577//577 576//576 575//575
f 578//578 565//565 96//96
f 578//578 529//529 565//565
f 620//620 529//529 578//578
f 620//620 619//619 529//529
f 580//580 74//74 57//57
f 580//580 57//57 532//532
f 581//581 580//580 579//579
f 580//580 532//532 531//531
f 85//85 74//74 580//580
f 582//582 533//533 74//74
f 582//582 74//74 84//84
f 582//582 534//534 533//533
f 582//582 77//77 534//534
f 583//583 535//535 624//624
f 624//624 535//535 622//622
f 585//585 76//76 584//584
f 86//86 586//586 76//76
f 627//627 581//581 587//587
f 581//581 579//579 586//586
f 587//587 586//586 86//86
f 627//627 85//85 581//581
f 588//588 590//590 538//538
f 87//87 538//538 77//77
f 632//632 87//87 77//77
f 590//590 604//604 589//589
f 633//633 591//591 630//630
f 633//633 92//92 591//591
f 594//594 542//542 500//500
f 594//594 500//500 592//592
f 618//618 593//593 594//594
f 595//595 637//637 594//594
f 637//637 618//618 594//594
f 595//595 594//594 592//592
f 88//88 78//78 540//540
f 635//635 78//78 88//88
f 635//635 592//592 78//78
f 89//89 88//88 540//540
f 596//596 540//540 541//541
f 90//90 596//596 597//597
f 596//596 541//541 597//597
f 90//90 89//89 596//596
f 598//598 545//545 80//80
f 600//600 79//79 545//545
f 639//639 79//79 599//599
f 639//639 603//603 79//79
f 638//638 598//598 604//604
f 598//598 80//80 604//604
f 641//641 602//602 81//81
f 602//602 597//597 81//81
f 601//601 546//546 548//548
f 601//601 81//81 546//546
f 105//105 641//641 601//601
f 602//602 90//90 597//597
f 91//91 601//601 603//603
f 91//91 105//105 601//601
f 92//92 604//604 590//590
f 92//92 638//638 604//604
f 93//93 552//552 551//551
f 606//606 552//552 93//93
f 106//106 551//551 605//605
f 106//106 93//93 551//551
f 606//606 555//555 552//552
f 607//607 553//553 555//555
f 609//609 558//558 557//557
f 608//608 557//557 556//556
f 608//608 556//556 559//559
f 611//611 609//609 107//107
f 611//611 560//560 609//609
f 609//609 560//560 558//558
f 611//611 561//561 560//560
f 652//652 561//561 611//611
f 652//652 612//612 561//561
f 653//653 613//613 612//612
f 564//564 563//563 613//613
f 614//614 613//613 653//653
f 654//654 615//615 614//614
f 615//615 82//82 564//564
f 615//615 96//96 82//82
f 605//605 566//566 568//568
f 658//658 106//106 605//605
f 83//83 658//658 605//605
f 83//83 605//605 568//568
f 97//97 572//572 569//569
f 616//616 572//572 97//97
f 616//616 83//83 572//572
f 661//661 97//97 570//570
f 617//617 570//570 593//593
f 662//662 661//661 617//617
f 618//618 617//617 593//593
f 621//621 619//619 620//620
f 619//619 577//577 73//73
f 623//623 99//99 622//622
f 99//99 624//624 622//622
f 625//625 623//623 576//576
f 623//623 574//574 576//576
f 665//665 625//625 621//621
f 625//625 577//577 621//621
f 716//716 578//578 657//657
f 716//716 620//620 578//578
f 666//666 620//620 716//716
f 666//666 621//621 620//620
f 632//632 77//77 582//582
f 669//669 668//668 626//626
f 668//668 632//632 84//84
f 626//626 84//84 85//85
f 670//670 626//626 627//627
f 626//626 85//85 627//627
f 671//671 584//584 100//100
f 671//671 585//585 584//584
f 86//86 585//585 628//628
f 628//628 585//585 671//671
f 629//629 587//587 672//672
f 629//629 670//670 627//627
f 629//629 627//627 587//587
f 675//675 630//630 631//631
f 630//630 591//591 588//588
f 631//631 588//588 87//87
f 101//101 87//87 632//632
f 678//678 633//633 674//674
f 634//634 633//633 678//678
f 681//681 595//595 635//635
f 681//681 636//636 595//595
f 636//636 637//637 595//595
f 685//685 88//88 89//89
f 688//688 635//635 685//685
f 688//688 681//681 635//635
f 686//686 89//89 90//90
f 643//643 90//90 602//602
f 102//102 90//90 643//643
f 103//103 599//599 600//600
f 103//103 600//600 598//598
f 640//640 103//103 598//598
f 104//104 599//599 692//692
f 104//104 639//639 599//599
f 644//644 603//603 639//639
f 644//644 639//639 104//104
f 638//638 92//92 634//634
f 642//642 641//641 105//105
f 643//643 602//602 641//641
f 645//645 603//603 644//644
f 646//646 105//105 91//91
f 646//646 91//91 645//645
f 701//701 106//106 658//658
f 702//702 93//93 106//106
f 702//702 606//606 93//93
f 647//647 94//94 606//606
f 647//647 607//607 94//94
f 107//107 609//609 608//608
f 651//651 706//706 608//608
f 706//706 107//107 608//608
f 648//648 611//611 107//107
f 95//95 559//559 610//610
f 652//652 611//611 648//648
f 714//714 652//652 709//709
f 653//653 612//612 714//714
f 715//715 614//614 653//653
f 656//656 654//654 715//715
f 108//108 655//655 656//656
f 655//655 96//96 615//615
f 655//655 615//615 654//654
f 657//657 96//96 655//655
f 121//121 657//657 108//108
f 109//109 701//701 658//658
f 717//717 658//658 98//98
f 658//658 83//83 98//98
f 717//717 109//109 658//658
f 659//659 97//97 661//661
f 660//660 616//616 97//97
f 660//660 717//717 98//98
f 110//110 719//719 659//659
f 683//683 618//618 637//637
f 111//111 661//661 662//662
f 665//665 621//621 667//667
f 667//667 621//621 666//666
f 112//112 624//624 99//99
f 663//663 112//112 99//99
f 723//723 663//663 623//623
f 663//663 99//99 623//623
f 664//664 623//623 625//625
f 100//100 624//624 112//112
f 724//724 664//664 665//665
f 113//113 666//666 730//730
f 113//113 667//667 666//666
f 732//732 668//668 669//669
f 732//732 669//669 670//670
f 114//114 670//670 629//629
f 783//783 628//628 671//671
f 673//673 672//672 783//783
f 672//672 86//86 628//628
f 673//673 629//629 672//672
f 673//673 114//114 629//629
f 115//115 678//678 674//674
f 675//675 115//115 674//674
f 676//676 631//631 101//101
f 677//677 101//101 632//632
f 677//677 676//676 101//101
f 733//733 677//677 668//668
f 677//677 632//632 668//668
f 116//116 678//678 738//738
f 116//116 634//634 678//678
f 679//679 638//638 634//634
f 680//680 679//679 116//116
f 682//682 637//637 636//636
f 682//682 683//683 637//637
f 684//684 636//636 681//681
f 684//684 682//682 636//636
f 687//687 688//688 685//685
f 687//687 685//685 686//686
f 744//744 688//688 687//687
f 746//746 102//102 689//689
f 689//689 643//643 642//642
f 690//690 638//638 679//679
f 690//690 640//640 638//638
f 691//691 103//103 640//640
f 693//693 692//692 747//747
f 692//692 103//103 691//691
f 747//747 691//691 690//690
f 693//693 104//104 692//692
f 694//694 104//104 693//693
f 697//697 645//645 644//644
f 697//697 644//644 694//694
f 695//695 105//105 646//646
f 695//695 642//642 105//105
f 689//689 642//642 696//696
f 699//699 698//698 697//697
f 698//698 645//645 697//697
f 752//752 700//700 699//699
f 700//700 646//646 698//698
f 700//700 695//695 646//646
f 700//700 696//696 695//695
f 117//117 702//702 106//106
f 117//117 106//106 701//701
f 701//701 753//753 117//117
f 704//704 647//647 703//703
f 704//704 703//703 755//755
f 755//755 702//702 754//754
f 705//705 704//704 757//757
f 705//705 610//610 647//647
f 712//712 650//650 705//705
f 705//705 650//650 610//610
f 758//758 648//648 706//706
f 706//706 648//648 107//107
f 707//707 758//758 706//706
f 707//707 706//706 651//651
f 708//708 652//652 648//648
f 710//710 95//95 649//649
f 118//118 711//711 650//650
f 711//711 710//710 650//650
f 118//118 650//650 712//712
f 713//713 651//651 710//710
f 713//713 707//707 651//651
f 119//119 714//714 709//709
f 120//120 653//653 714//714
f 764//764 715//715 120//120
f 765//765 656//656 715//715
f 765//765 766//766 108//108
f 765//765 108//108 656//656
f 121//121 730//730 716//716
f 767//767 109//109 717//717
f 718//718 717//717 660//660
f 718//718 767//767 717//717
f 122//122 660//660 719//719
f 719//719 660//660 97//97
f 770//770 110//110 123//123
f 123//123 110//110 111//111
f 720//720 111//111 662//662
f 772//772 720//720 682//682
f 720//720 662//662 683//683
f 123//123 111//111 720//720
f 123//123 720//720 772//772
f 721//721 770//770 123//123
f 729//729 728//728 667//667
f 667//667 728//728 665//665
f 722//722 112//112 663//663
f 133//133 663//663 723//723
f 726//726 100//100 112//112
f 133//133 723//723 724//724
f 723//723 664//664 724//724
f 774//774 725//725 726//726
f 725//725 100//100 726//726
f 124//124 133//133 724//724
f 776//776 727//727 728//728
f 728//728 727//727 724//724
f 776//776 728//728 729//729
f 778//778 730//730 121//121
f 731//731 113//113 778//778
f 729//729 113//113 731//731
f 125//125 733//733 732//732
f 780//780 734//734 114//114
f 734//734 732//732 670//670
f 734//734 125//125 732//732
f 735//735 114//114 673//673
f 775//775 725//725 774//774
f 775//775 671//671 725//725
f 784//784 735//735 783//783
f 735//735 673//673 783//783
f 787//787 736//736 115//115
f 737//737 736//736 787//787
f 736//736 678//678 115//115
f 739//739 115//115 675//675
f 739//739 675//675 676//676
f 740//740 676//676 677//677
f 740//740 739//739 676//676
f 741//741 677//677 733//733
f 741//741 740//740 677//677
f 125//125 741//741 733//733
f 126//126 680//680 742//742
f 680//680 116//116 742//742
f 127//127 690//690 679//679
f 127//127 679//679 680//680
f 794//794 684//684 744//744
f 744//744 684//684 681//681
f 744//744 681//681 688//688
f 772//772 682//682 684//684
f 795//795 684//684 794//794
f 795//795 743//743 684//684
f 743//743 772//772 684//684
f 745//745 744//744 687//687
f 745//745 687//687 686//686
f 745//745 686//686 102//102
f 745//745 794//794 744//744
f 747//747 690//690 127//127
f 747//747 694//694 693//693
f 749//749 694//694 747//747
f 751//751 697//697 694//694
f 750//750 696//696 128//128
f 750//750 689//689 696//696
f 750//750 797//797 689//689
f 751//751 699//699 697//697
f 803//803 752//752 699//699
f 752//752 128//128 700//700
f 753//753 701//701 109//109
f 753//753 109//109 767//767
f 807//807 754//754 805//805
f 754//754 117//117 753//753
f 807//807 755//755 754//754
f 756//756 704//704 755//755
f 756//756 755//755 807//807
f 809//809 757//757 756//756
f 757//757 704//704 756//756
f 809//809 712//712 705//705
f 129//129 118//118 712//712
f 811//811 758//758 707//707
f 811//811 707//707 713//713
f 763//763 708//708 758//758
f 763//763 119//119 708//708
f 812//812 713//713 711//711
f 711//711 713//713 710//710
f 759//759 811//811 713//713
f 759//759 713//713 760//760
f 760//760 713//713 812//812
f 762//762 761//761 119//119
f 761//761 120//120 714//714
f 763//763 762//762 119//119
f 815//815 120//120 761//761
f 130//130 715//715 764//764
f 130//130 765//765 715//715
f 131//131 765//765 130//130
f 131//131 766//766 765//765
f 819//819 766//766 131//131
f 132//132 121//121 766//766
f 132//132 766//766 819//819
f 132//132 778//778 121//121
f 122//122 719//719 110//110
f 769//769 718//718 660//660
f 823//823 769//769 122//122
f 770//770 122//122 110//110
f 771//771 768//768 718//718
f 771//771 718//718 769//769
f 825//825 823//823 770//770
f 721//721 123//123 773//773
f 830//830 726//726 722//722
f 831//831 774//774 830//830
f 831//831 775//775 774//774
f 777//777 727//727 776//776
f 134//134 776//776 729//729
f 134//134 777//777 776//776
f 779//779 132//132 835//835
f 779//779 731//731 778//778
f 885//885 134//134 731//731
f 134//134 729//729 731//731
f 780//780 114//114 735//735
f 780//780 125//125 734//734
f 782//782 780//780 735//735
f 785//785 775//775 831//831
f 785//785 784//784 783//783
f 839//839 784//784 785//785
f 839//839 786//786 784//784
f 786//786 782//782 784//784
f 737//737 787//787 841//841
f 788//788 736//736 737//737
f 789//789 736//736 788//788
f 789//789 738//738 736//736
f 790//790 841//841 787//787
f 791//791 740//740 741//741
f 792//792 741//741 125//125
f 849//849 742//742 848//848
f 742//742 738//738 789//789
f 849//849 126//126 742//742
f 793//793 126//126 849//849
f 793//793 127//127 126//126
f 793//793 749//749 747//747
f 793//793 747//747 127//127
f 851//851 795//795 794//794
f 796//796 827//827 743//743
f 827//827 773//773 772//772
f 796//796 743//743 795//795
f 850//850 796//796 795//795
f 850//850 795//795 851//851
f 135//135 745//745 797//797
f 135//135 794//794 745//745
f 798//798 852//852 797//797
f 852//852 135//135 797//797
f 854//854 749//749 799//799
f 799//799 749//749 793//793
f 856//856 748//748 854//854
f 856//856 136//136 748//748
f 136//136 803//803 751//751
f 800//800 750//750 128//128
f 801//801 798//798 750//750
f 802//802 800//800 128//128
f 903//903 899//899 801//801
f 137//137 802//802 804//804
f 804//804 752//752 803//803
f 859//859 803//803 136//136
f 806//806 805//805 767//767
f 862//862 756//756 808//808
f 862//862 809//809 756//756
f 862//862 139//139 809//809
f 139//139 129//129 712//712
f 810//810 763//763 758//758
f 810//810 758//758 811//811
f 140//140 810//810 811//811
f 141//141 760//760 812//812
f 142//142 118//118 129//129
f 142//142 129//129 138//138
f 142//142 812//812 118//118
f 143//143 759//759 760//760
f 813//813 762//762 763//763
f 814//814 763//763 810//810
f 814//814 810//810 140//140
f 814//814 813//813 763//763
f 867//867 761//761 762//762
f 816//816 764//764 815//815
f 816//816 815//815 867//867
f 816//816 130//130 764//764
f 818//818 131//131 816//816
f 869//869 817//817 818//818
f 818//818 819//819 131//131
f 821//821 806//806 820//820
f 806//806 767//767 768//768
f 820//820 768//768 771//771
f 822//822 771//771 824//824
f 822//822 871//871 820//820
f 871//871 821//821 820//820
f 873//873 769//769 823//823
f 873//873 824//824 769//769
f 144//144 823//823 825//825
f 144//144 873//873 823//823
f 872//872 824//824 873//873
f 828//828 721//721 773//773
f 826//826 144//144 825//825
f 826//826 825//825 721//721
f 875//875 827//827 876//876
f 876//876 827//827 796//796
f 875//875 828//828 827//827
f 829//829 133//133 124//124
f 878//878 830//830 829//829
f 830//830 722//722 829//829
f 879//879 830//830 878//878
f 879//879 831//831 830//830
f 840//840 831//831 880//880
f 880//880 831//831 879//879
f 840//840 785//785 831//831
f 840//840 839//839 785//785
f 882//882 777//777 134//134
f 832//832 777//777 882//882
f 832//832 833//833 777//777
f 833//833 124//124 727//727
f 883//883 877//877 833//833
f 877//877 124//124 833//833
f 145//145 835//835 819//819
f 885//885 779//779 834//834
f 836//836 125//125 780//780
f 836//836 792//792 125//125
f 838//838 837//837 781//781
f 781//781 836//836 780//780
f 786//786 781//781 782//782
f 886//886 786//786 839//839
f 886//886 839//839 840//840
f 889//889 841//841 790//790
f 889//889 842//842 841//841
f 892//892 842//842 889//889
f 843//843 789//789 788//788
f 788//788 737//737 842//842
f 843//843 842//842 892//892
f 893//893 789//789 843//843
f 893//893 848//848 789//789
f 146//146 844//844 791//791
f 844//844 740//740 791//791
f 844//844 790//790 739//739
f 844//844 739//739 740//740
f 845//845 844//844 146//146
f 845//845 790//790 844//844
f 846//846 792//792 836//836
f 847//847 791//791 792//792
f 148//148 848//848 147//147
f 148//148 849//849 848//848
f 897//897 850//850 851//851
f 897//897 876//876 796//796
f 897//897 796//796 850//850
f 853//853 851//851 135//135
f 899//899 853//853 852//852
f 899//899 852//852 798//798
f 160//160 854//854 799//799
f 855//855 854//854 160//160
f 855//855 856//856 854//854
f 855//855 857//857 856//856
f 858//858 800//800 802//802
f 858//858 801//801 800//800
f 902//902 858//858 137//137
f 859//859 136//136 857//857
f 901//901 857//857 855//855
f 905//905 137//137 860//860
f 860//860 804//804 859//859
f 149//149 807//807 805//805
f 149//149 805//805 806//806
f 821//821 149//149 806//806
f 907//907 808//808 149//149
f 913//913 138//138 911//911
f 909//909 911//911 863//863
f 863//863 138//138 139//139
f 150//150 814//814 140//140
f 864//864 140//140 143//143
f 151//151 141//141 142//142
f 151//151 142//142 913//913
f 143//143 141//141 151//151
f 152//152 864//864 143//143
f 865//865 762//762 813//813
f 866//866 865//865 917//917
f 866//866 867//867 865//865
f 865//865 867//867 762//762
f 868//868 814//814 150//150
f 868//868 865//865 813//813
f 919//919 867//867 866//866
f 166//166 816//816 919//919
f 919//919 816//816 867//867
f 166//166 818//818 816//816
f 145//145 819//819 817//817
f 870//870 145//145 817//817
f 871//871 906//906 821//821
f 921//921 153//153 872//872
f 153//153 822//822 872//872
f 153//153 871//871 822//822
f 923//923 921//921 872//872
f 922//922 826//826 874//874
f 874//874 828//828 875//875
f 154//154 875//875 876//876
f 924//924 874//874 154//154
f 888//888 886//886 840//840
f 155//155 832//832 882//882
f 156//156 832//832 155//155
f 156//156 883//883 832//832
f 883//883 878//878 877//877
f 929//929 155//155 882//882
f 929//929 882//882 885//885
f 884//884 834//834 835//835
f 884//884 835//835 145//145
f 885//885 834//834 930//930
f 837//837 846//846 836//836
f 936//936 838//838 886//886
f 838//838 786//786 886//886
f 936//936 934//934 838//838
f 887//887 936//936 886//886
f 159//159 790//790 845//845
f 157//157 889//889 890//890
f 890//890 889//889 159//159
f 157//157 892//892 889//889
f 891//891 892//892 157//157
f 173//173 892//892 891//891
f 173//173 893//893 843//843
f 173//173 843//843 892//892
f 158//158 893//893 173//173
f 159//159 845//845 894//894
f 940//940 847//847 895//895
f 895//895 847//847 846//846
f 940//940 894//894 847//847
f 847//847 146//146 791//791
f 941//941 895//895 846//846
f 941//941 846//846 837//837
f 148//148 147//147 943//943
f 148//148 799//799 849//849
f 160//160 799//799 148//148
f 853//853 897//897 851//851
f 896//896 154//154 876//876
f 896//896 876//876 897//897
f 176//176 897//897 945//945
f 176//176 175//175 897//897
f 898//898 945//945 853//853
f 898//898 853//853 899//899
f 174//174 898//898 899//899
f 161//161 899//899 903//903
f 901//901 900//900 948//948
f 948//948 900//900 947//947
f 900//900 855//855 160//160
f 949//949 903//903 902//902
f 902//902 903//903 858//858
f 162//162 902//902 137//137
f 162//162 137//137 905//905
f 162//162 949//949 902//902
f 904//904 903//903 951//951
f 951//951 903//903 949//949
f 861//861 859//859 901//901
f 163//163 905//905 860//860
f 164//164 163//163 952//952
f 163//163 860//860 861//861
f 908//908 808//808 907//907
f 906//906 907//907 149//149
f 906//906 871//871 153//153
f 165//165 863//863 908//908
f 908//908 862//862 808//808
f 960//960 909//909 910//910
f 960//960 911//911 909//909
f 912//912 151//151 913//913
f 912//912 913//913 960//960
f 165//165 909//909 863//863
f 956//956 910//910 909//909
f 914//914 150//150 864//864
f 914//914 864//864 152//152
f 915//915 152//152 143//143
f 915//915 143//143 151//151
f 916//916 915//915 151//151
f 916//916 151//151 912//912
f 965//965 152//152 966//966
f 965//965 914//914 152//152
f 967//967 917//917 868//868
f 968//968 866//866 917//917
f 918//918 919//919 866//866
f 166//166 919//919 918//918
f 920//920 870//870 869//869
f 920//920 932//932 870//870
f 167//167 920//920 869//869
f 921//921 957//957 906//906
f 168//168 873//873 144//144
f 168//168 144//144 826//826
f 922//922 168//168 826//826
f 974//974 922//922 924//924
f 946//946 154//154 896//896
f 925//925 974//974 924//924
f 925//925 924//924 975//975
f 975//975 924//924 946//946
f 926//926 878//878 883//883
f 170//170 881//881 926//926
f 881//881 879//879 878//878
f 171//171 888//888 880//880
f 171//171 880//880 881//881
f 978//978 155//155 929//929
f 980//980 155//155 978//978
f 980//980 156//156 155//155
f 927//927 156//156 982//982
f 982//982 156//156 980//980
f 170//170 926//926 927//927
f 926//926 883//883 927//927
f 930//930 928//928 929//929
f 930//930 929//929 885//885
f 931//931 884//884 932//932
f 931//931 930//930 884//884
f 933//933 932//932 920//920
f 933//933 931//931 932//932
f 935//935 837//837 934//934
f 935//935 941//941 837//837
f 986//986 936//936 887//887
f 937//937 887//887 888//888
f 890//890 159//159 939//939
f 172//172 157//157 890//890
f 172//172 891//891 157//157
f 938//938 891//891 172//172
f 173//173 891//891 990//990
f 990//990 891//891 938//938
f 942//942 158//158 990//990
f 942//942 943//943 158//158
f 991//991 894//894 940//940
f 993//993 939//939 991//991
f 939//939 159//159 991//991
f 988//988 890//890 939//939
f 992//992 940//940 941//941
f 997//997 941//941 935//935
f 944//944 942//942 999//999
f 943//943 947//947 160//160
f 943//943 160//160 148//148
f 176//176 945//945 174//174
f 1001//1001 161//161 904//904
f 944//944 947//947 943//943
f 1008//1008 947//947 944//944
f 950//950 162//162 905//905
f 953//953 905//905 163//163
f 950//950 949//949 162//162
f 177//177 1001//1001 904//904
f 177//177 904//904 951//951
f 952//952 861//861 948//948
f 953//953 163//163 164//164
f 954//954 165//165 908//908
f 955//955 906//906 957//957
f 955//955 908//908 907//907
f 955//955 907//907 906//906
f 958//958 957//957 921//921
f 958//958 1012//1012 957//957
f 178//178 910//910 956//956
f 959//959 910//910 178//178
f 1017//1017 960//960 959//959
f 1017//1017 912//912 960//960
f 1017//1017 964//964 912//912
f 964//964 916//916 912//912
f 1013//1013 956//956 954//954
f 962//962 868//868 914//914
f 963//963 962//962 914//914
f 916//916 966//966 915//915
f 1021//1021 965//965 966//966
f 1022//1022 968//968 967//967
f 1024//1024 918//918 968//968
f 1024//1024 968//968 1022//1022
f 1025//1025 166//166 918//918
f 1025//1025 167//167 166//166
f 969//969 920//920 167//167
f 969//969 933//933 920//920
f 1027//1027 167//167 1025//1025
f 970//970 921//921 923//923
f 179//179 958//958 921//921
f 180//180 923//923 169//169
f 971//971 179//179 970//970
f 973//973 970//970 923//923
f 972//972 168//168 922//922
f 972//972 169//169 168//168
f 972//972 922//922 974//974
f 180//180 169//169 972//972
f 1029//1029 974//974 925//925
f 977//977 975//975 976//976
f 976//976 946//946 175//175
f 1031//1031 925//925 977//977
f 1031//1031 1029//1029 925//925
f 181//181 171//171 170//170
f 981//981 978//978 979//979
f 182//182 980//980 981//981
f 982//982 980//980 182//182
f 983//983 982//982 182//182
f 983//983 170//170 927//927
f 1036//1036 170//170 983//983
f 931//931 928//928 930//930
f 1039//1039 928//928 931//931
f 1039//1039 979//979 928//928
f 984//984 931//931 933//933
f 183//183 933//933 969//969
f 183//183 984//984 933//933
f 985//985 935//935 934//934
f 985//985 997//997 935//935
f 184//184 985//985 986//986
f 985//985 934//934 936//936
f 1043//1043 986//986 987//987
f 987//987 986//986 937//937
f 1043//1043 184//184 986//986
f 1043//1043 987//987 181//181
f 987//987 937//937 181//181
f 1044//1044 172//172 988//988
f 988//988 172//172 890//890
f 938//938 172//172 1044//1044
f 185//185 990//990 989//989
f 990//990 938//938 989//989
f 999//999 942//942 990//990
f 992//992 993//993 991//991
f 996//996 988//988 939//939
f 1048//1048 994//994 992//992
f 994//994 996//996 993//993
f 995//995 1044//1044 988//988
f 1049//1049 1048//1048 992//992
f 1050//1050 997//997 998//998
f 998//998 997//997 985//985
f 1050//1050 992//992 997//997
f 1051//1051 1000//1000 999//999
f 1055//1055 176//176 1001//1001
f 176//176 174//174 1001//1001
f 1002//1002 175//175 176//176
f 1055//1055 1002//1002 176//176
f 1003//1003 1001//1001 177//177
f 1003//1003 1055//1055 1001//1001
f 1000//1000 1008//1008 944//944
f 1004//1004 949//949 950//950
f 1004//1004 177//177 951//951
f 1004//1004 951//951 949//949
f 1004//1004 1003//1003 177//177
f 1006//1006 950//950 953//953
f 1011//1011 1060//1060 1006//1006
f 1011//1011 953//953 164//164
f 1007//1007 950//950 1006//1006
f 1007//1007 1006//1006 1060//1060
f 1007//1007 1004//1004 950//950
f 1009//1009 952//952 1008//1008
f 1010//1010 164//164 1009//1009
f 1062//1062 1011//1011 1010//1010
f 1010//1010 1011//1011 164//164
f 1012//1012 955//955 957//957
f 186//186 1013//1013 1012//1012
f 1013//1013 954//954 955//955
f 186//186 961//961 1013//1013
f 187//187 186//186 1012//1012
f 1014//1014 187//187 1012//1012
f 1014//1014 1012//1012 958//958
f 1014//1014 958//958 179//179
f 1015//1015 178//178 961//961
f 1016//1016 178//178 1015//1015
f 1016//1016 1017//1017 959//959
f 1016//1016 959//959 178//178
f 188//188 1017//1017 1016//1016
f 188//188 964//964 1017//1017
f 1064//1064 1018//1018 186//186
f 1018//1018 961//961 186//186
f 1064//1064 186//186 187//187
f 1023//1023 1022//1022 1019//1019
f 1019//1019 967//967 962//962
f 1019//1019 962//962 963//963
f 1067//1067 963//963 965//965
f 1067//1067 1019//1019 963//963
f 1070//1070 1021//1021 966//966
f 1020//1020 966//966 916//916
f 1069//1069 1070//1070 1020//1020
f 1069//1069 1020//1020 964//964
f 1026//1026 1022//1022 1023//1023
f 1026//1026 1024//1024 1022//1022
f 1074//1074 1025//1025 1026//1026
f 1074//1074 1027//1027 1025//1025
f 183//183 969//969 1027//1027
f 1073//1073 1027//1027 1074//1074
f 1027//1027 189//189 183//183
f 1077//1077 973//973 190//190
f 190//190 973//973 180//180
f 1077//1077 971//971 973//973
f 1028//1028 180//180 972//972
f 1078//1078 1028//1028 1029//1029
f 1028//1028 972//972 974//974
f 190//190 180//180 1028//1028
f 1030//1030 1028//1028 1078//1078
f 1031//1031 1078//1078 1029//1029
f 1032//1032 977//977 1002//1002
f 1032//1032 1031//1031 977//977
f 1122//1122 1082//1082 1032//1032
f 1082//1082 1031//1031 1032//1032
f 1037//1037 181//181 1036//1036
f 1037//1037 1043//1043 181//181
f 1084//1084 981//981 1041//1041
f 1041//1041 979//979 1039//1039
f 1033//1033 981//981 1084//1084
f 1033//1033 182//182 981//981
f 1034//1034 182//182 1033//1033
f 1034//1034 1033//1033 1085//1085
f 1034//1034 983//983 182//182
f 1038//1038 931//931 984//984
f 1038//1038 1039//1039 931//931
f 1088//1088 1039//1039 1040//1040
f 1040//1040 1039//1039 1038//1038
f 1088//1088 1041//1041 1039//1039
f 191//191 984//984 183//183
f 191//191 1038//1038 984//984
f 1072//1072 191//191 189//189
f 189//189 191//191 183//183
f 1042//1042 985//985 184//184
f 1091//1091 1042//1042 184//184
f 1092//1092 1044//1044 1046//1046
f 1092//1092 938//938 1044//1044
f 1093//1093 1045//1045 1092//1092
f 1092//1092 989//989 938//938
f 192//192 989//989 1045//1045
f 1052//1052 185//185 192//192
f 185//185 989//989 192//192
f 1052//1052 1051//1051 999//999
f 1052//1052 999//999 185//185
f 1046//1046 995//995 996//996
f 1047//1047 996//996 994//994
f 1049//1049 992//992 1050//1050
f 1135//1135 1046//1046 1095//1095
f 1095//1095 1046//1046 1047//1047
f 1135//1135 1092//1092 1046//1046
f 1098//1098 1050//1050 1089//1089
f 1099//1099 1051//1051 1052//1052
f 1053//1053 1000//1000 1051//1051
f 1053//1053 1009//1009 1000//1000
f 1056//1056 1032//1032 1002//1002
f 1057//1057 1056//1056 1002//1002
f 1057//1057 1002//1002 1055//1055
f 1059//1059 1005//1005 1061//1061
f 1005//1005 1004//1004 1007//1007
f 1059//1059 1058//1058 1005//1005
f 1058//1058 1003//1003 1005//1005
f 1058//1058 1054//1054 1003//1003
f 1101//1101 1057//1057 1054//1054
f 1103//1103 1060//1060 1011//1011
f 1103//1103 1011//1011 1062//1062
f 1104//1104 1061//1061 1060//1060
f 1104//1104 1060//1060 1103//1103
f 1105//1105 1059//1059 1061//1061
f 193//193 1010//1010 1009//1009
f 187//187 1014//1014 1076//1076
f 1014//1014 179//179 1076//1076
f 194//194 1015//1015 1018//1018
f 194//194 1018//1018 1064//1064
f 1112//1112 1113//1113 1065//1065
f 1114//1114 1074//1074 1026//1026
f 1114//1114 1026//1026 1066//1066
f 1068//1068 1023//1023 1019//1019
f 1068//1068 1066//1066 1023//1023
f 1068//1068 1019//1019 1067//1067
f 195//195 1116//1116 1021//1021
f 1116//1116 1068//1068 1067//1067
f 1071//1071 1070//1070 1069//1069
f 1113//1113 1069//1069 188//188
f 196//196 1070//1070 1071//1071
f 196//196 195//195 1070//1070
f 1072//1072 189//189 1027//1027
f 1118//1118 1072//1072 1073//1073
f 1075//1075 971//971 1077//1077
f 1075//1075 1076//1076 971//971
f 1080//1080 1075//1075 1077//1077
f 197//197 1030//1030 1078//1078
f 1079//1079 190//190 1030//1030
f 1079//1079 1030//1030 197//197
f 208//208 1080//1080 1079//1079
f 1079//1079 1077//1077 190//190
f 1081//1081 197//197 1078//1078
f 1082//1082 1078//1078 1031//1031
f 1081//1081 1082//1082 1122//1122
f 1124//1124 1032//1032 1056//1056
f 1124//1124 1122//1122 1032//1032
f 1125//1125 1091//1091 1037//1037
f 1126//1126 1083//1083 1084//1084
f 1083//1083 1033//1033 1084//1084
f 1083//1083 1085//1085 1033//1033
f 1128//1128 1085//1085 1083//1083
f 1086//1086 1035//1035 1034//1034
f 1086//1086 1034//1034 1085//1085
f 1087//1087 1037//1037 1036//1036
f 1086//1086 1036//1036 1035//1035
f 199//199 1087//1087 1086//1086
f 199//199 1125//1125 1087//1087
f 1087//1087 1125//1125 1037//1037
f 1040//1040 1038//1038 191//191
f 200//200 1088//1088 1040//1040
f 1132//1132 1130//1130 1072//1072
f 1130//1130 1040//1040 191//191
f 1089//1089 998//998 1042//1042
f 1090//1090 1042//1042 1091//1091
f 1135//1135 1093//1093 1092//1092
f 1093//1093 192//192 1045//1045
f 1094//1094 1099//1099 1052//1052
f 1138//1138 1094//1094 1136//1136
f 1094//1094 192//192 1093//1093
f 1096//1096 1047//1047 1048//1048
f 1096//1096 1139//1139 1095//1095
f 1096//1096 1095//1095 1047//1047
f 1097//1097 1048//1048 1049//1049
f 1097//1097 1096//1096 1048//1048
f 1140//1140 1095//1095 1139//1139
f 1097//1097 1049//1049 1050//1050
f 1100//1100 1053//1053 1051//1051
f 1100//1100 193//193 1053//1053
f 201//201 1099//1099 1094//1094
f 201//201 1094//1094 1138//1138
f 201//201 1100//1100 1099//1099
f 202//202 1056//1056 1057//1057
f 1101//1101 202//202 1057//1057
f 1102//1102 1059//1059 1105//1105
f 1102//1102 1101//1101 1058//1058
f 1102//1102 1058//1058 1059//1059
f 203//203 1103//1103 1109//1109
f 203//203 1104//1104 1103//1103
f 203//203 1105//1105 1104//1104
f 213//213 1105//1105 203//203
f 213//213 1106//1106 1105//1105
f 1106//1106 1102//1102 1105//1105
f 1108//1108 193//193 1107//1107
f 1108//1108 1062//1062 193//193
f 1109//1109 1062//1062 204//204
f 216//216 1063//1063 1121//1121
f 1063//1063 187//187 1076//1076
f 216//216 1110//1110 1063//1063
f 1110//1110 1064//1064 1063//1063
f 1110//1110 194//194 1064//1064
f 1111//1111 194//194 1110//1110
f 205//205 1112//1112 1111//1111
f 1111//1111 1065//1065 1015//1015
f 206//206 1113//1113 1112//1112
f 1119//1119 1114//1114 1066//1066
f 1119//1119 1073//1073 1074//1074
f 1115//1115 1066//1066 1068//1068
f 1115//1115 1119//1119 1066//1066
f 1150//1150 1115//1115 1116//1116
f 196//196 1116//1116 195//195
f 1117//1117 1071//1071 1113//1113
f 1120//1120 211//211 1118//1118
f 1118//1118 1132//1132 1072//1072
f 1149//1149 1118//1118 1119//1119
f 1118//1118 1073//1073 1119//1119
f 1149//1149 1120//1120 1118//1118
f 1121//1121 1076//1076 1075//1075
f 207//207 1075//1075 1080//1080
f 197//197 208//208 1079//1079
f 208//208 207//207 1080//1080
f 1157//1157 197//197 1081//1081
f 209//209 1081//1081 1122//1122
f 1123//1123 1124//1124 1056//1056
f 1123//1123 1056//1056 202//202
f 219//219 1124//1124 1158//1158
f 219//219 209//209 1122//1122
f 1134//1134 1125//1125 1161//1161
f 1161//1161 1125//1125 199//199
f 1134//1134 1090//1090 1091//1091
f 1126//1126 1084//1084 198//198
f 1126//1126 1128//1128 1083//1083
f 1127//1127 198//198 1088//1088
f 1163//1163 1088//1088 200//200
f 1129//1129 1128//1128 210//210
f 1128//1128 1086//1086 1085//1085
f 1129//1129 199//199 1128//1128
f 1128//1128 199//199 1086//1086
f 1166//1166 199//199 1129//1129
f 1166//1166 1161//1161 199//199
f 1131//1131 200//200 1130//1130
f 1130//1130 200//200 1040//1040
f 1131//1131 1130//1130 1132//1132
f 1131//1131 1163//1163 200//200
f 211//211 1131//1131 1132//1132
f 1133//1133 1089//1089 1090//1090
f 1133//1133 1098//1098 1089//1089
f 1134//1134 1133//1133 1090//1090
f 1136//1136 1135//1135 1140//1140
f 1174//1174 1140//1140 1139//1139
f 1173//1173 1141//1141 1097//1097
f 1141//1141 1096//1096 1097//1097
f 1173//1173 1097//1097 1098//1098
f 1171//1171 1136//1136 1140//1140
f 1173//1173 1098//1098 1133//1133
f 1145//1145 1107//1107 1142//1142
f 1142//1142 1100//1100 201//201
f 1142//1142 201//201 1137//1137
f 1143//1143 1123//1123 202//202
f 1143//1143 202//202 1101//1101
f 1144//1144 1143//1143 1101//1101
f 1144//1144 1101//1101 1106//1106
f 212//212 203//203 1147//1147
f 1147//1147 1109//1109 204//204
f 212//212 213//213 203//203
f 214//214 1106//1106 213//213
f 1178//1178 1108//1108 1145//1145
f 1145//1145 1108//1108 1107//1107
f 215//215 204//204 1108//1108
f 1146//1146 1147//1147 204//204
f 1180//1180 205//205 1148//1148
f 205//205 1111//1111 1110//1110
f 1148//1148 1110//1110 216//216
f 1182//1182 1180//1180 1148//1148
f 1181//1181 205//205 1180//1180
f 1181//1181 206//206 205//205
f 1149//1149 1119//1119 1115//1115
f 1150//1150 1149//1149 1115//1115
f 1154//1154 196//196 1153//1153
f 1154//1154 1150//1150 196//196
f 1152//1152 1071//1071 1117//1117
f 1152//1152 1153//1153 1071//1071
f 217//217 1117//1117 206//206
f 217//217 206//206 1181//1181
f 1152//1152 1154//1154 1153//1153
f 218//218 1149//1149 1151//1151
f 218//218 1169//1169 1149//1149
f 1155//1155 1121//1121 207//207
f 1156//1156 207//207 1157//1157
f 209//209 1157//1157 1081//1081
f 1191//1191 1157//1157 209//209
f 1191//1191 1156//1156 1157//1157
f 1194//1194 1158//1158 1159//1159
f 1158//1158 1123//1123 1143//1143
f 1194//1194 1160//1160 1158//1158
f 1160//1160 219//219 1158//1158
f 220//220 1161//1161 1166//1166
f 1196//1196 1164//1164 1162//1162
f 1162//1162 210//210 1126//1126
f 1197//1197 1127//1127 1163//1163
f 1197//1197 1162//1162 1127//1127
f 1162//1162 1126//1126 1127//1127
f 1167//1167 1163//1163 1131//1131
f 1165//1165 210//210 1164//1164
f 1165//1165 1166//1166 1129//1129
f 1165//1165 1129//1129 210//210
f 228//228 220//220 1166//1166
f 1168//1168 1131//1131 211//211
f 1167//1167 1131//1131 1168//1168
f 1168//1168 211//211 1169//1169
f 1170//1170 1133//1133 1134//1134
f 1170//1170 1134//1134 220//220
f 1170//1170 1173//1173 1133//1133
f 221//221 1138//1138 1136//1136
f 1203//1203 1138//1138 221//221
f 1172//1172 1137//1137 1138//1138
f 1172//1172 1138//1138 1203//1203
f 1137//1137 1145//1145 1142//1142
f 1204//1204 1137//1137 1205//1205
f 1204//1204 1178//1178 1145//1145
f 1174//1174 1139//1139 1141//1141
f 222//222 1174//1174 1141//1141
f 1206//1206 1171//1171 1174//1174
f 223//223 221//221 1171//1171
f 224//224 1173//1173 1170//1170
f 224//224 222//222 1173//1173
f 1159//1159 1143//1143 1144//1144
f 1144//1144 1106//1106 214//214
f 1175//1175 212//212 1147//1147
f 1175//1175 1147//1147 1146//1146
f 1176//1176 213//213 212//212
f 1176//1176 212//212 1175//1175
f 1176//1176 214//214 213//213
f 1177//1177 214//214 1176//1176
f 1177//1177 1159//1159 1144//1144
f 1177//1177 1144//1144 214//214
f 1211//1211 1178//1178 1204//1204
f 1213//1213 215//215 1211//1211
f 1213//1213 1175//1175 1146//1146
f 1179//1179 216//216 1155//1155
f 1179//1179 1148//1148 216//216
f 1184//1184 1180//1180 1182//1182
f 1184//1184 1181//1181 1180//1180
f 1183//1183 1184//1184 1182//1182
f 1189//1189 1181//1181 1185//1185
f 1185//1185 1181//1181 1184//1184
f 1186//1186 1151//1151 1154//1154
f 1186//1186 1154//1154 1152//1152
f 1188//1188 1187//1187 1152//1152
f 1188//1188 1152//1152 217//217
f 1218//1218 1188//1188 1189//1189
f 1189//1189 1188//1188 217//217
f 1187//1187 225//225 1186//1186
f 1187//1187 1186//1186 1152//1152
f 1187//1187 1188//1188 1190//1190
f 1190//1190 1188//1188 1218//1218
f 218//218 1151//1151 1186//1186
f 1214//1214 1182//1182 1179//1179
f 1156//1156 1179//1179 1155//1155
f 1191//1191 209//209 1192//1192
f 1193//1193 219//219 1160//1160
f 1193//1193 235//235 1192//1192
f 235//235 1191//1191 1192//1192
f 1194//1194 1159//1159 1177//1177
f 1222//1222 1193//1193 1160//1160
f 1222//1222 1194//1194 1177//1177
f 1195//1195 220//220 228//228
f 1195//1195 1170//1170 220//220
f 1195//1195 224//224 1170//1170
f 226//226 1198//1198 1197//1197
f 1198//1198 1196//1196 1197//1197
f 227//227 1163//1163 1167//1167
f 227//227 1197//1197 1163//1163
f 1199//1199 1164//1164 1196//1196
f 1200//1200 1165//1165 1199//1199
f 1200//1200 228//228 1166//1166
f 1201//1201 1167//1167 1168//1168
f 1202//1202 1201//1201 1168//1168
f 1202//1202 1168//1168 1169//1169
f 1232//1232 1203//1203 223//223
f 1233//1233 1203//1203 1232//1232
f 1233//1233 1172//1172 1203//1203
f 230//230 1205//1205 1233//1233
f 230//230 1204//1204 1205//1205
f 1206//1206 1174//1174 222//222
f 1207//1207 231//231 1206//1206
f 1207//1207 1206//1206 222//222
f 1207//1207 222//222 224//224
f 1208//1208 1206//1206 231//231
f 1208//1208 223//223 1171//1171
f 232//232 1232//1232 223//223
f 232//232 223//223 1208//1208
f 1234//1234 1195//1195 229//229
f 1234//1234 224//224 1195//1195
f 1234//1234 1207//1207 224//224
f 1209//1209 1176//1176 1175//1175
f 1225//1225 1222//1222 1177//1177
f 1225//1225 1177//1177 1210//1210
f 1210//1210 1177//1177 1176//1176
f 1212//1212 1211//1211 230//230
f 1212//1212 1213//1213 1211//1211
f 233//233 1209//1209 1213//1213
f 233//233 1213//1213 1212//1212
f 1235//1235 1210//1210 1209//1209
f 234//234 1183//1183 1214//1214
f 1183//1183 1182//1182 1214//1214
f 1215//1215 1185//1185 1184//1184
f 1215//1215 1184//1184 1183//1183
f 225//225 218//218 1186//1186
f 225//225 1216//1216 218//218
f 218//218 1216//1216 1169//1169
f 1190//1190 1217//1217 1187//1187
f 1219//1219 1190//1190 1218//1218
f 1220//1220 1218//1218 1189//1189
f 1221//1221 1156//1156 1191//1191
f 1221//1221 239//239 1214//1214
f 239//239 234//234 1214//1214
f 235//235 1221//1221 1191//1191
f 1224//1224 236//236 1193//1193
f 1224//1224 1193//1193 1222//1222
f 1247//1247 1198//1198 226//226
f 1198//1198 1229//1229 1196//1196
f 1248//1248 226//226 227//227
f 1248//1248 1247//1247 226//226
f 1227//1227 227//227 1201//1201
f 1227//1227 1248//1248 227//227
f 1228//1228 1198//1198 1247//1247
f 1251//1251 1200//1200 1199//1199
f 1251//1251 1199//1199 1229//1229
f 1251//1251 228//228 1200//1200
f 1230//1230 228//228 1251//1251
f 1230//1230 229//229 228//228
f 237//237 229//229 1230//1230
f 1253//1253 1234//1234 229//229
f 238//238 1250//1250 1227//1227
f 1231//1231 1202//1202 1216//1216
f 1231//1231 238//238 1201//1201
f 1231//1231 1201//1201 1202//1202
f 1240//1240 225//225 1217//1217
f 1240//1240 1216//1216 225//225
f 1257//1257 1233//1233 1232//1232
f 230//230 1233//1233 1258//1258
f 1258//1258 1233//1233 1257//1257
f 1253//1253 231//231 1234//1234
f 1261//1261 232//232 1208//1208
f 1261//1261 1208//1208 231//231
f 1261//1261 243//243 232//232
f 243//243 1257//1257 232//232
f 1236//1236 1225//1225 1210//1210
f 1236//1236 1226//1226 1225//1225
f 1263//1263 1212//1212 1237//1237
f 1263//1263 233//233 1212//1212
f 1263//1263 1235//1235 233//233
f 1238//1238 1185//1185 1215//1215
f 1238//1238 1215//1215 234//234
f 1238//1238 1220//1220 1185//1185
f 1238//1238 234//234 239//239
f 1239//1239 1217//1217 1190//1190
f 1239//1239 1190//1190 1219//1219
f 1239//1239 1240//1240 1217//1217
f 1241//1241 1220//1220 1238//1238
f 1241//1241 1218//1218 1220//1220
f 1244//1244 1242//1242 1241//1241
f 1242//1242 1218//1218 1241//1241
f 1242//1242 1219//1219 1218//1218
f 1243//1243 1219//1219 1242//1242
f 1245//1245 1221//1221 235//235
f 1245//1245 235//235 236//236
f 1270//1270 236//236 1224//1224
f 1223//1223 1222//1222 1226//1226
f 1246//1246 1270//1270 1223//1223
f 1272//1272 1223//1223 1226//1226
f 1272//1272 1226//1226 1236//1236
f 1272//1272 1236//1236 1265//1265
f 1236//1236 1235//1235 1265//1265
f 1249//1249 1228//1228 1247//1247
f 1249//1249 1248//1248 1250//1250
f 1274//1274 1228//1228 1249//1249
f 241//241 1229//1229 1228//1228
f 241//241 1228//1228 1274//1274
f 241//241 1230//1230 1251//1251
f 1278//1278 1230//1230 241//241
f 1278//1278 237//237 1230//1230
f 1252//1252 237//237 1278//1278
f 1254//1254 1253//1253 1252//1252
f 1252//1252 1253//1253 237//237
f 1254//1254 1261//1261 231//231
f 1255//1255 238//238 1231//1231
f 242//242 1276//1276 1255//1255
f 1276//1276 1250//1250 238//238
f 242//242 1255//1255 1256//1256
f 1255//1255 1231//1231 1240//1240
f 1256//1256 1240//1240 1239//1239
f 1259//1259 1237//1237 1258//1258
f 1258//1258 1237//1237 230//230
f 1260//1260 1261//1261 1254//1254
f 1260//1260 243//243 1261//1261
f 1262//1262 1237//1237 1259//1259
f 1264//1264 1263//1263 1262//1262
f 1264//1264 1262//1262 244//244
f 1264//1264 1265//1265 1263//1263
f 1282//1282 1265//1265 1264//1264
f 1282//1282 1272//1272 1265//1265
f 1245//1245 236//236 1270//1270
f 1266//1266 239//239 1221//1221
f 1267//1267 239//239 1266//1266
f 1266//1266 240//240 1267//1267
f 240//240 1238//1238 1267//1267
f 1268//1268 1243//1243 1244//1244
f 1268//1268 1239//1239 1243//1243
f 1277//1277 1256//1256 1268//1268
f 1268//1268 1256//1256 1239//1239
f 245//245 1269//1269 1241//1241
f 1269//1269 1244//1244 1241//1241
f 1271//1271 245//245 240//240
f 1287//1287 1244//1244 1269//1269
f 1287//1287 1268//1268 1244//1244
f 1286//1286 1270//1270 1273//1273
f 1273//1273 1270//1270 1246//1246
f 1286//1286 1271//1271 1270//1270
f 1271//1271 1266//1266 1245//1245
f 1272//1272 1246//1246 1223//1223
f 1290//1290 1249//1249 1275//1275
f 1290//1290 1274//1274 1249//1249
f 246//246 1276//1276 242//242
f 1276//1276 1275//1275 1250//1250
f 246//246 242//242 1256//1256
f 247//247 241//241 1274//1274
f 1279//1279 1252//1252 1278//1278
f 1252//1252 1260//1260 1254//1254
f 244//244 1259//1259 1280//1280
f 1280//1280 1259//1259 243//243
f 244//244 1262//1262 1259//1259
f 1296//1296 243//243 1260//1260
f 1296//1296 1260//1260 1279//1279
f 1297//1297 244//244 1280//1280
f 1264//1264 244//244 1281//1281
f 1283//1283 1282//1282 1264//1264
f 1284//1284 1282//1282 1283//1283
f 1284//1284 1273//1273 1246//1246
f 1284//1284 1246//1246 1272//1272
f 1284//1284 1272//1272 1282//1282
f 1285//1285 245//245 1271//1271
f 1287//1287 1269//1269 245//245
f 248//248 245//245 1285//1285
f 248//248 1288//1288 1287//1287
f 1288//1288 246//246 1277//1277
f 1288//1288 1277//1277 1287//1287
f 1289//1289 1288//1288 248//248
f 1289//1289 1292//1292 1288//1288
f 1292//1292 1275//1275 246//246
f 1299//1299 1273//1273 1284//1284
f 1299//1299 1286//1286 1273//1273
f 249//249 1291//1291 1294//1294
f 1294//1294 1292//1292 1293//1293
f 1293//1293 1292//1292 1289//1289
f 1294//1294 1291//1291 1290//1290
f 1292//1292 1290//1290 1275//1275
f 1295//1295 247//247 1291//1291
f 1295//1295 1296//1296 1279//1279
f 1295//1295 1278//1278 247//247
f 249//249 1297//1297 1296//1296
f 1297//1297 1280//1280 1296//1296
f 249//249 1296//1296 1295//1295
f 1301//1301 1298//1298 1297//1297
f 1298//1298 1281//1281 1297//1297
f 250//250 1284//1284 1298//1298
f 1298//1298 1283//1283 1281//1281
f 251//251 248//248 1285//1285
f 251//251 1285//1285 1286//1286
f 251//251 1299//1299 250//250
f 1300//1300 1289//1289 248//248
f 1301//1301 1294//1294 1293//1293
f 1302//1302 250//250 1301//1301
f 1302//1302 1293//1293 1300//1300
f 1302//1302 1300//1300 251//251
f 1302//1302 251//251 250//250
# 2600 faces, 0 coords texture

# End of File
